ident,diplome,gene,csp,enf,typinact,aanenf,ageact,ageinact,ageret,age_enq
101,1,1,Ouvriers,1,Retour foyer - inactivite,26,14,26,0,61
102,1,1,Ouvriers,1,Retour foyer - inactivite,27,16,27,0,65
106,1,3,Cadres,1,0,25,21,0,0,49
108,1,3,Profs interm,1,Retour foyer - inactivite,21,15,43,0,51
109,1,3,Employes,1,Retour foyer - inactivite,29,16,26,0,50
112,1,1,Profs interm,0,0,0,16,0,57,65
113,1,1,Ouvriers,1,0,21,19,0,0,62
114,1,1,Employes,1,Retour foyer - inactivite,18,16,26,0,64
117,3,1,Cadres,1,0,29,20,0,60,60
118,3,2,Cadres,0,0,0,29,0,0,54
119,1,1,Profs interm,1,Retour foyer - inactivite,28,18,30,0,67
121,2,2,Profs interm,1,0,22,19,0,0,55
125,2,2,Employes,1,0,20,20,0,0,56
126,1,3,Cadres,1,0,24,19,0,0,50
127,1,3,Employes,1,Autres,31,19,26,0,50
128,1,3,Profs interm,1,0,31,23,0,0,53
129,1,1,Profs interm,0,Retour foyer - inactivite,0,17,29,0,62
131,1,1,Employes,1,Retour foyer - inactivite,26,17,32,0,61
132,1,1,Cadres,0,0,0,17,0,60,63
135,2,3,Profs interm,1,Retour foyer - inactivite,24,20,24,0,54
137,2,3,Employes,1,Autres,21,18,51,0,50
138,1,3,Employes,1,0,24,14,0,0,50
139,2,3,Profs interm,1,0,35,20,0,0,52
140,1,1,Employes,1,Retour foyer - inactivite,37,17,20,0,65
146,1,2,Employes,0,Autres,0,17,27,0,58
147,1,2,Employes,1,Retour foyer - inactivite,23,14,28,0,56
150,1,1,Ouvriers,1,Retour foyer - inactivite,32,20,32,0,69
152,3,1,Profs interm,1,0,23,22,0,60,65
154,1,1,Employes,0,0,0,26,0,0,67
155,3,2,Cadres,1,0,23,26,0,0,57
156,1,2,Employes,1,Retour foyer - inactivite,25,18,26,0,57
157,3,3,Profs interm,0,Retour foyer - inactivite,0,18,27,0,50
158,1,2,Cadres,0,0,0,17,0,58,58
159,1,2,Profs interm,0,0,0,18,0,0,55
163,3,2,Cadres,0,0,0,21,0,0,55
164,1,1,Profs interm,1,Retour foyer - inactivite,27,16,28,0,66
165,1,2,Employes,1,Autres,27,12,56,0,58
168,1,1,Cadres,1,Retour foyer - inactivite,38,20,38,0,62
169,2,1,Employes,1,0,24,23,0,60,65
171,2,2,Cadres,1,Retour foyer - inactivite,24,22,36,0,58
172,1,1,Ouvriers,1,Autres,17,15,21,0,65
173,2,2,Profs interm,1,Autres,31,25,29,0,58
175,1,3,Employes,1,Retour foyer - inactivite,21,17,21,0,51
176,2,1,Cadres,0,0,0,20,0,61,67
177,3,2,Cadres,1,Retour foyer - inactivite,29,27,29,0,54
178,1,2,Employes,1,Autres,38,17,23,0,56
179,3,3,Cadres,1,0,21,27,0,0,49
183,3,3,Profs interm,1,Autres,38,26,29,0,49
185,3,1,Cadres,1,0,26,25,0,60,67
187,3,2,Cadres,0,0,0,17,0,0,56
188,3,3,Profs interm,1,0,25,21,0,0,52
189,1,1,Employes,1,0,25,14,0,0,62
190,1,1,Employes,1,0,24,19,0,55,62
192,3,2,Cadres,1,Autres,41,23,55,0,54
193,1,2,Employes,0,Retour foyer - inactivite,0,18,55,0,58
194,1,2,Profs interm,1,0,24,21,0,0,56
195,1,2,Profs interm,1,Retour foyer - inactivite,21,18,21,0,55
197,1,3,Profs interm,1,Autres,28,18,19,0,49
198,1,1,Employes,1,Autres,27,19,45,0,62
199,1,3,Cadres,1,Retour foyer - inactivite,26,19,26,0,49
200,1,3,Employes,1,Autres,22,14,26,0,52
201,2,2,Employes,1,Retour foyer - inactivite,30,20,29,0,55
202,3,2,Profs interm,1,Retour foyer - inactivite,27,22,28,0,55
203,1,1,Employes,1,0,41,14,0,0,63
205,1,2,Cadres,1,0,23,19,0,0,58
207,1,3,Employes,1,Autres,25,15,22,0,50
209,1,1,Employes,1,Retour foyer - inactivite,18,14,33,0,67
210,2,2,Profs interm,1,0,35,21,0,56,59
211,1,1,Cadres,1,Retour foyer - inactivite,22,18,21,0,67
214,1,1,Profs interm,1,Retour foyer - inactivite,20,18,29,0,66
215,1,2,Employes,0,Retour foyer - inactivite,0,16,24,0,55
216,3,1,Profs interm,1,Retour foyer - inactivite,28,18,25,0,67
222,1,1,Cadres,1,Retour foyer - inactivite,16,14,17,0,62
223,1,2,Profs interm,1,0,22,17,0,54,58
224,1,1,Employes,0,0,0,18,0,57,62
225,2,3,Profs interm,1,0,21,17,0,0,53
226,3,3,Cadres,1,0,26,33,0,0,54
227,2,3,Employes,0,0,0,22,0,0,49
229,3,2,Cadres,1,0,35,27,0,0,57
231,1,1,Profs interm,1,0,25,18,0,60,65
232,1,1,Profs interm,1,Retour foyer - inactivite,26,19,30,0,65
233,1,2,Profs interm,1,Autres,31,23,31,0,54
234,1,1,Cadres,1,0,28,19,0,60,60
235,1,1,Employes,1,0,26,19,0,60,61
237,2,3,Employes,1,0,31,19,0,0,51
238,2,1,Profs interm,1,0,41,19,0,0,62
240,3,2,Cadres,1,Retour foyer - inactivite,31,25,29,0,58
242,3,3,Cadres,1,0,28,16,0,0,51
243,1,3,Ouvriers,0,Retour foyer - inactivite,0,20,29,0,49
244,1,3,Profs interm,1,0,29,23,0,0,50
245,1,3,Profs interm,1,0,24,18,0,52,54
247,3,3,Cadres,0,0,0,21,0,0,51
249,1,1,Profs interm,0,Retour foyer - inactivite,0,19,25,0,63
250,1,3,Profs interm,1,Retour foyer - inactivite,36,21,41,0,50
252,1,1,Profs interm,1,Retour foyer - inactivite,32,19,26,0,68
253,3,3,Profs interm,1,Retour foyer - inactivite,25,21,25,0,51
254,3,1,Cadres,1,Retour foyer - inactivite,30,22,29,0,70
256,1,1,Employes,1,Autres,20,13,23,0,63
257,1,1,Employes,1,0,23,20,0,60,66
258,1,1,Employes,1,0,19,14,0,0,61
259,1,1,Ouvriers,1,0,33,15,0,62,63
260,3,3,Employes,0,Autres,0,23,25,0,49
261,1,1,Employes,1,Retour foyer - inactivite,24,18,23,0,66
262,1,1,Cadres,0,0,0,20,0,60,63
263,3,3,Cadres,1,0,26,24,0,0,49
264,1,3,Employes,1,Retour foyer - inactivite,24,14,27,0,49
265,2,3,Profs interm,1,Autres,25,22,28,0,49
266,1,1,Ouvriers,1,Retour foyer - inactivite,25,24,29,0,64
267,3,1,Employes,1,Autres,29,25,59,0,65
268,1,3,Profs interm,1,Retour foyer - inactivite,37,20,34,0,52
269,1,1,Employes,1,Autres,24,15,58,0,68
270,3,1,Cadres,1,Retour foyer - inactivite,24,20,23,0,60
271,1,1,Employes,0,0,0,20,0,60,70
272,3,2,Cadres,1,Autres,29,19,20,0,55
273,3,3,Profs interm,1,Autres,27,36,43,0,50
274,1,3,Employes,1,0,22,16,0,0,51
276,3,3,Cadres,1,0,19,25,0,0,50
278,3,2,Cadres,1,Retour foyer - inactivite,28,26,28,0,59
293,1,1,Profs interm,1,0,23,18,0,57,68
295,1,3,Employes,1,Retour foyer - inactivite,22,14,22,0,49
296,1,1,Profs interm,1,Autres,29,17,19,0,68
299,3,2,Cadres,1,Retour foyer - inactivite,30,24,30,0,55
302,3,1,Cadres,1,Autres,27,27,35,0,61
303,1,2,Profs interm,1,Retour foyer - inactivite,24,21,25,0,55
308,1,2,Employes,1,0,31,20,0,0,56
310,2,1,Profs interm,1,0,30,23,0,0,62
314,1,2,Employes,1,0,23,16,0,51,54
315,1,3,Employes,1,Retour foyer - inactivite,22,20,25,0,53
316,2,3,Profs interm,1,0,27,19,0,0,51
318,3,3,Cadres,1,Retour foyer - inactivite,34,21,35,0,53
320,3,3,Employes,1,Retour foyer - inactivite,26,24,25,0,49
321,3,3,Cadres,1,0,39,23,0,0,53
322,1,1,Employes,1,0,25,14,0,0,61
323,3,3,Profs interm,1,0,27,23,0,0,49
324,1,1,Cadres,1,Retour foyer - inactivite,26,17,28,0,62
325,1,2,Employes,1,0,23,27,0,0,56
326,3,2,Cadres,1,Retour foyer - inactivite,25,22,26,0,60
327,1,1,Cadres,1,Retour foyer - inactivite,31,16,33,0,61
328,2,1,Employes,1,Retour foyer - inactivite,27,18,27,0,61
329,1,3,Employes,1,Autres,33,19,35,0,53
330,3,3,Profs interm,1,Autres,32,22,32,0,52
331,1,2,Employes,1,0,19,12,0,0,56
332,2,3,Profs interm,0,0,0,21,0,0,52
338,2,2,Profs interm,1,0,20,18,0,55,57
341,1,2,Ouvriers,1,Retour foyer - inactivite,23,17,24,0,57
342,1,1,Employes,0,Retour foyer - inactivite,0,18,27,0,61
343,1,1,Employes,1,Retour foyer - inactivite,22,17,22,0,68
344,1,3,Employes,1,Retour foyer - inactivite,31,17,32,0,51
345,1,3,Employes,1,0,24,19,0,0,53
347,1,2,Employes,1,Autres,22,18,47,0,54
348,1,3,Cadres,0,Retour foyer - inactivite,0,22,26,0,49
349,3,3,Profs interm,1,Retour foyer - inactivite,24,22,25,0,51
351,1,2,Employes,1,0,26,18,0,0,55
356,3,1,Cadres,1,Autres,30,21,27,0,62
357,3,2,Cadres,1,Autres,30,21,23,0,55
358,1,3,Profs interm,0,0,0,22,0,0,49
360,1,3,Employes,1,0,21,34,0,0,52
362,3,1,Cadres,1,Autres,22,20,23,0,61
363,3,1,Artisans agr,1,0,30,20,0,0,69
367,1,1,Employes,1,Retour foyer - inactivite,24,20,27,0,69
369,1,3,Artisans agr,1,Retour foyer - inactivite,22,16,20,0,49
370,1,3,Employes,1,0,25,14,0,0,49
371,1,1,Profs interm,1,Retour foyer - inactivite,26,18,28,0,68
372,1,3,Profs interm,1,0,30,19,0,0,50
373,2,1,Employes,0,0,0,18,0,60,69
374,1,1,Profs interm,1,Retour foyer - inactivite,21,19,25,0,61
375,1,2,Profs interm,1,0,25,19,0,56,56
376,1,2,Employes,1,Retour foyer - inactivite,15,14,19,0,55
377,3,1,Cadres,0,Autres,0,23,58,0,65
378,1,1,Employes,1,Retour foyer - inactivite,25,16,25,0,68
381,1,1,Profs interm,1,Autres,37,16,56,0,62
382,1,3,Cadres,1,0,39,20,0,0,50
383,1,1,Employes,1,Retour foyer - inactivite,21,17,23,0,61
384,1,1,Employes,0,0,0,18,0,0,60
385,2,2,Profs interm,1,Retour foyer - inactivite,30,21,30,0,54
386,1,3,Employes,0,0,0,19,0,0,49
387,3,3,Profs interm,1,0,44,24,0,0,52
389,3,3,Employes,1,Retour foyer - inactivite,28,23,30,0,50
391,1,3,Profs interm,1,Autres,17,14,51,0,50
394,2,2,Cadres,1,Autres,42,23,55,0,56
395,2,2,Artisans agr,1,Retour foyer - inactivite,23,18,24,0,57
399,1,3,Employes,1,Retour foyer - inactivite,24,17,30,0,51
400,1,2,Profs interm,1,0,21,14,0,0,56
401,3,2,Cadres,0,0,0,25,0,55,59
403,1,1,Cadres,0,Autres,0,17,57,0,67
404,1,2,Employes,1,Retour foyer - inactivite,25,17,27,0,59
405,3,2,Profs interm,1,Autres,28,17,21,0,56
406,3,1,Cadres,1,Autres,26,23,27,0,60
407,3,1,Cadres,0,0,0,25,0,0,70
409,1,2,Profs interm,1,0,24,18,0,0,55
410,1,1,Employes,0,Retour foyer - inactivite,0,18,55,0,65
411,2,1,Employes,1,Retour foyer - inactivite,33,20,31,0,61
412,1,1,Employes,1,Retour foyer - inactivite,30,15,30,0,62
413,1,1,Employes,0,0,0,30,0,59,60
414,1,2,Employes,1,Autres,35,18,24,0,55
415,1,3,Employes,1,0,25,19,0,0,51
417,3,3,Cadres,0,0,0,20,0,0,53
419,3,2,Cadres,0,Autres,0,21,28,0,59
420,2,2,Profs interm,1,0,21,18,0,0,55
421,3,3,Cadres,1,0,27,24,0,0,51
425,3,2,Profs interm,0,0,0,24,0,0,54
426,1,2,Employes,1,Autres,24,13,34,0,57
427,1,3,Profs interm,1,Retour foyer - inactivite,20,18,22,0,53
428,1,2,Employes,1,Retour foyer - inactivite,20,14,18,0,56
429,3,3,Employes,1,Retour foyer - inactivite,21,18,23,0,51
430,1,3,Employes,1,Retour foyer - inactivite,23,14,24,0,50
433,1,1,Employes,1,Autres,18,14,16,0,62
434,3,2,Cadres,0,0,0,24,0,0,56
438,1,1,Employes,1,Retour foyer - inactivite,21,19,21,0,63
441,3,2,Cadres,1,0,26,24,0,0,55
443,2,2,Artisans agr,1,Retour foyer - inactivite,26,20,26,0,58
445,3,2,Cadres,1,Retour foyer - inactivite,19,27,46,0,55
446,1,3,Profs interm,1,Retour foyer - inactivite,27,14,27,0,53
447,1,1,Employes,0,Retour foyer - inactivite,0,17,41,0,64
448,1,3,Ouvriers,1,Autres,27,22,36,0,52
449,1,1,Employes,1,Autres,22,18,56,0,61
450,1,1,Profs interm,1,Retour foyer - inactivite,21,17,21,0,68
451,1,3,Employes,1,Retour foyer - inactivite,23,22,23,0,52
452,1,2,Employes,1,Retour foyer - inactivite,23,23,26,0,55
453,1,3,Profs interm,1,Retour foyer - inactivite,26,18,26,0,50
454,1,1,Profs interm,1,Retour foyer - inactivite,23,18,23,0,66
455,1,1,Employes,1,0,18,25,0,57,67
456,1,2,Employes,1,Retour foyer - inactivite,23,20,23,0,58
458,3,3,Cadres,1,Retour foyer - inactivite,23,20,23,0,52
459,3,3,Profs interm,1,Retour foyer - inactivite,25,21,30,0,52
460,1,3,Profs interm,1,0,31,19,0,0,52
464,3,3,Cadres,1,0,37,24,0,0,52
466,1,3,Employes,1,0,24,18,0,51,51
467,1,1,Employes,1,Retour foyer - inactivite,28,15,29,0,61
469,2,1,Employes,1,Retour foyer - inactivite,27,22,27,0,66
470,3,2,Cadres,1,Retour foyer - inactivite,24,23,28,0,58
471,1,1,Employes,1,Retour foyer - inactivite,24,14,27,0,62
473,1,3,Employes,1,Retour foyer - inactivite,23,16,19,0,54
477,3,2,Profs interm,0,0,0,26,0,0,56
478,1,3,Employes,1,Retour foyer - inactivite,41,17,42,0,52
481,3,1,Employes,1,Retour foyer - inactivite,31,21,37,0,64
482,2,1,Employes,1,0,22,20,0,55,64
483,1,3,Employes,1,Retour foyer - inactivite,27,19,30,0,51
485,1,1,Employes,1,0,22,15,0,59,67
488,3,2,Employes,0,Autres,0,25,32,0,55
490,1,3,Employes,0,Retour foyer - inactivite,0,18,42,0,52
491,1,3,Employes,1,0,21,14,0,0,52
492,1,3,Employes,1,0,27,16,0,0,49
493,1,1,Employes,1,Retour foyer - inactivite,26,18,38,0,61
495,1,2,Employes,1,Retour foyer - inactivite,21,19,20,0,57
496,1,3,Profs interm,1,0,26,19,0,0,50
497,1,3,Employes,1,Retour foyer - inactivite,26,17,30,0,50
498,3,1,Employes,1,Retour foyer - inactivite,26,23,26,0,64
499,2,3,Profs interm,1,Retour foyer - inactivite,28,22,28,0,50
500,3,3,Cadres,1,0,33,24,0,39,52
502,3,3,Cadres,0,Autres,0,22,28,0,52
503,3,1,Cadres,1,0,30,28,0,62,69
505,1,3,Cadres,1,Retour foyer - inactivite,24,19,28,0,50
506,1,3,Employes,1,0,21,27,0,0,51
508,3,3,Cadres,1,0,24,23,0,0,50
509,1,1,Profs interm,0,Retour foyer - inactivite,0,18,30,0,68
512,3,3,Cadres,1,Autres,26,26,28,0,52
513,1,1,Profs interm,1,Retour foyer - inactivite,33,25,40,0,67
514,1,1,Cadres,1,0,24,18,0,57,60
515,1,1,Profs interm,1,0,25,18,0,58,60
516,2,1,Profs interm,1,Retour foyer - inactivite,30,25,29,0,70
517,1,3,Profs interm,1,Retour foyer - inactivite,26,21,26,0,54
518,3,1,Profs interm,0,Retour foyer - inactivite,0,18,25,0,62
519,3,2,Cadres,1,Retour foyer - inactivite,28,22,28,0,57
521,3,3,Cadres,1,Autres,36,27,31,0,53
527,1,1,Profs interm,1,0,29,25,0,61,65
530,1,2,Cadres,1,0,28,17,0,0,56
531,1,1,Cadres,0,0,0,16,0,59,61
534,2,1,Profs interm,1,Retour foyer - inactivite,23,22,29,0,67
536,1,1,Employes,1,Retour foyer - inactivite,19,13,16,0,69
537,1,1,Employes,1,Autres,18,15,42,0,63
538,1,2,Profs interm,1,Retour foyer - inactivite,24,17,29,0,54
539,1,3,Employes,1,0,22,19,0,0,53
540,3,3,Cadres,1,Autres,35,24,27,0,50
541,2,3,Profs interm,0,0,0,18,0,0,53
542,3,3,Cadres,0,Retour foyer - inactivite,0,23,30,0,52
543,3,2,Profs interm,1,Retour foyer - inactivite,26,23,26,0,55
544,1,1,Employes,1,0,29,18,0,0,64
545,2,1,Employes,1,Retour foyer - inactivite,24,18,24,0,66
548,1,3,Employes,1,Autres,23,20,24,0,51
551,3,2,Employes,1,Autres,31,20,26,0,56
552,1,1,Employes,0,0,0,23,0,60,63
553,3,2,Cadres,1,Retour foyer - inactivite,28,18,28,0,56
554,2,1,Cadres,1,Retour foyer - inactivite,20,16,20,0,64
555,2,3,Profs interm,0,0,0,18,0,0,52
556,1,3,Employes,1,0,27,16,0,0,52
557,3,2,Profs interm,1,0,24,18,0,55,59
558,3,1,Profs interm,1,0,32,18,0,60,63
559,1,2,Profs interm,1,0,20,16,0,59,59
560,1,2,Employes,1,Autres,18,14,33,0,55
561,1,2,Employes,1,0,22,14,0,0,59
562,1,2,Employes,1,Retour foyer - inactivite,25,19,26,0,58
563,1,1,Employes,1,Retour foyer - inactivite,24,19,24,0,61
566,1,1,Ouvriers,1,Retour foyer - inactivite,30,18,30,0,69
567,1,3,Ouvriers,1,0,26,14,0,0,53
569,2,1,Profs interm,1,0,27,19,0,56,60
570,1,1,Employes,1,0,23,14,0,62,64
572,3,3,Profs interm,1,0,29,23,0,0,50
573,1,2,Profs interm,1,0,26,17,0,0,55
574,1,2,Employes,0,0,0,18,0,0,58
575,2,3,Profs interm,1,Retour foyer - inactivite,39,25,27,0,50
576,1,3,Employes,1,Retour foyer - inactivite,19,17,23,0,54
577,3,3,Profs interm,1,0,25,23,0,0,53
579,1,3,Profs interm,1,0,26,17,0,0,52
580,1,1,Employes,0,Retour foyer - inactivite,0,14,41,0,66
581,2,2,Employes,1,Retour foyer - inactivite,27,23,27,0,60
582,2,1,Profs interm,1,0,25,20,0,57,66
583,1,1,Profs interm,0,0,0,14,0,58,69
585,1,1,Employes,1,Retour foyer - inactivite,27,18,28,0,67
587,3,1,Cadres,1,0,27,19,0,58,64
588,1,1,Employes,1,0,26,14,0,60,65
589,2,2,Profs interm,0,0,0,19,0,58,58
590,1,3,Artisans agr,1,Autres,20,17,27,0,53
591,1,3,Cadres,1,Retour foyer - inactivite,19,14,28,0,51
592,1,2,Employes,1,Autres,23,19,34,0,55
594,1,3,Employes,1,0,37,12,0,0,50
596,3,3,Profs interm,1,0,32,27,0,0,53
597,1,3,Employes,1,0,20,18,0,0,50
598,3,3,Cadres,0,0,0,22,0,0,51
602,1,3,Cadres,1,0,27,21,0,0,50
603,1,3,Employes,1,Retour foyer - inactivite,28,14,32,0,49
605,3,1,Profs interm,1,Retour foyer - inactivite,26,22,23,0,61
609,1,3,Employes,1,0,30,18,0,0,51
611,1,1,Employes,1,Retour foyer - inactivite,21,44,56,0,64
612,3,2,Cadres,1,Retour foyer - inactivite,26,25,26,0,56
614,1,3,Profs interm,1,Retour foyer - inactivite,26,18,29,0,51
615,1,1,Ouvriers,1,Autres,21,18,20,0,63
616,1,2,Profs interm,1,0,24,18,0,56,59
618,1,3,Profs interm,1,Autres,19,22,32,0,49
619,1,2,Employes,1,Retour foyer - inactivite,30,17,37,0,57
620,3,3,Profs interm,1,Retour foyer - inactivite,23,21,23,0,51
621,2,3,Profs interm,1,Retour foyer - inactivite,30,22,33,0,51
623,3,3,Profs interm,1,Autres,27,18,22,0,53
624,2,3,Profs interm,1,0,28,21,0,0,52
625,1,1,Cadres,1,0,21,17,0,61,62
629,3,1,Employes,1,Autres,24,45,56,0,60
630,3,3,Cadres,1,Autres,38,28,35,0,50
631,1,2,Employes,1,Retour foyer - inactivite,23,19,23,0,56
632,1,3,Employes,1,0,23,22,0,0,51
633,1,2,Profs interm,1,Retour foyer - inactivite,21,15,25,0,57
638,3,3,Profs interm,0,Autres,0,20,34,0,51
639,3,2,Cadres,1,Retour foyer - inactivite,32,23,31,0,55
640,3,1,Cadres,1,Retour foyer - inactivite,24,22,44,0,60
641,1,3,Artisans agr,0,0,0,22,0,0,51
642,1,3,Employes,1,0,36,20,0,0,50
643,3,1,Ouvriers,1,Retour foyer - inactivite,29,25,29,0,68
644,1,2,Profs interm,1,0,24,16,0,55,55
646,3,1,Employes,0,0,0,23,0,63,63
647,1,1,Ouvriers,1,Retour foyer - inactivite,26,16,26,0,69
651,3,1,Cadres,1,0,25,21,0,64,69
652,3,3,Profs interm,1,Retour foyer - inactivite,31,21,37,0,53
656,3,3,Employes,1,0,29,20,0,0,53
657,2,3,Profs interm,1,Retour foyer - inactivite,25,19,28,0,53
659,1,2,Profs interm,1,0,25,19,0,55,58
661,2,2,Profs interm,1,0,30,21,0,0,60
662,1,2,Profs interm,1,Autres,20,17,35,0,59
663,3,3,Cadres,1,Retour foyer - inactivite,29,23,29,0,53
664,2,3,Profs interm,1,0,18,18,0,0,53
665,1,2,Employes,1,Retour foyer - inactivite,29,16,29,0,57
666,1,2,Profs interm,1,Retour foyer - inactivite,19,16,24,0,56
671,1,3,Profs interm,1,0,25,20,0,0,52
675,1,2,Artisans agr,1,Retour foyer - inactivite,27,19,27,0,60
676,2,3,Employes,1,Retour foyer - inactivite,23,14,23,0,51
678,1,1,Employes,1,Retour foyer - inactivite,27,18,34,0,70
680,1,1,Employes,0,Autres,0,20,32,0,69
681,1,2,Employes,1,Autres,32,18,59,0,59
682,1,1,Profs interm,1,Autres,35,24,47,0,62
683,2,1,Cadres,0,0,0,22,0,65,65
686,2,1,Profs interm,1,Retour foyer - inactivite,24,20,31,0,63
688,1,3,Profs interm,0,0,0,16,0,0,54
689,1,1,Employes,1,Retour foyer - inactivite,26,18,26,0,66
690,1,3,Employes,1,0,34,12,0,0,52
691,3,3,Profs interm,1,0,28,23,0,0,53
692,1,3,Employes,1,Retour foyer - inactivite,29,20,35,0,53
693,3,3,Employes,1,Retour foyer - inactivite,26,22,30,0,52
694,2,3,Profs interm,0,0,0,19,0,0,54
696,1,1,Profs interm,1,Retour foyer - inactivite,25,23,38,0,69
697,3,3,Artisans agr,1,Retour foyer - inactivite,28,23,30,0,53
699,3,2,Cadres,1,Retour foyer - inactivite,22,22,24,0,57
700,3,2,Cadres,0,Retour foyer - inactivite,0,24,32,0,54
701,1,1,Artisans agr,1,Retour foyer - inactivite,25,14,25,0,70
703,1,3,Employes,1,0,20,16,0,0,53
704,1,3,Artisans agr,1,Retour foyer - inactivite,28,22,28,0,50
705,3,1,Profs interm,1,Retour foyer - inactivite,25,21,25,0,64
710,1,1,Employes,1,Retour foyer - inactivite,22,18,21,0,63
714,1,3,Employes,1,0,20,18,0,0,49
717,1,1,Cadres,1,Retour foyer - inactivite,29,19,28,0,62
718,1,1,Employes,1,Retour foyer - inactivite,24,20,25,0,63
720,1,3,Employes,1,0,18,19,0,0,50
722,1,2,Employes,1,Autres,34,20,22,0,58
723,2,3,Cadres,1,0,30,21,0,0,50
724,2,2,Employes,1,0,22,17,0,0,54
727,3,2,Cadres,1,Autres,31,20,55,0,56
728,2,1,Cadres,0,Retour foyer - inactivite,0,22,26,0,66
729,1,3,Artisans agr,1,0,24,14,0,0,51
731,1,1,Employes,1,Retour foyer - inactivite,25,20,28,0,64
732,2,3,Profs interm,1,Retour foyer - inactivite,28,20,34,0,51
733,1,1,Employes,1,0,22,47,0,65,69
734,2,3,Cadres,0,0,0,20,0,0,50
735,1,2,Employes,0,0,0,17,0,0,57
736,1,2,Employes,1,0,26,14,0,0,58
737,2,3,Profs interm,1,Retour foyer - inactivite,22,19,21,0,53
738,3,1,Cadres,1,Autres,25,20,21,0,61
740,2,1,Employes,0,0,0,25,0,0,61
741,1,3,Employes,1,Retour foyer - inactivite,23,17,25,0,52
749,2,2,Cadres,1,0,25,23,0,0,55
751,2,3,Profs interm,1,0,26,19,0,0,51
752,3,2,Employes,1,Retour foyer - inactivite,27,19,35,0,54
754,1,1,Cadres,0,Autres,0,28,43,0,67
755,1,3,Employes,1,Retour foyer - inactivite,20,17,24,0,53
763,3,2,Profs interm,1,Retour foyer - inactivite,28,22,29,0,59
766,1,1,Employes,1,Retour foyer - inactivite,20,23,29,0,66
767,1,1,Employes,1,Autres,23,21,48,0,68
770,1,2,Ouvriers,1,Autres,20,17,27,0,55
772,1,1,Employes,1,0,26,15,0,0,61
774,1,2,Employes,1,0,39,45,0,0,54
779,1,1,Ouvriers,1,Retour foyer - inactivite,31,15,38,0,66
784,1,3,Employes,0,Retour foyer - inactivite,0,20,45,0,51
789,1,1,Ouvriers,1,Retour foyer - inactivite,24,18,23,0,70
790,1,1,Employes,1,0,18,35,0,57,65
791,1,2,Profs interm,0,Retour foyer - inactivite,0,17,20,0,55
792,3,3,Cadres,1,Autres,26,32,48,0,52
793,3,3,Cadres,1,0,25,28,0,0,50
796,3,2,Profs interm,1,Retour foyer - inactivite,29,22,29,0,56
803,2,2,Cadres,1,0,31,20,0,55,58
804,1,3,Employes,1,Retour foyer - inactivite,25,14,27,0,52
805,1,3,Employes,0,Autres,0,17,44,0,52
806,1,3,Profs interm,1,Retour foyer - inactivite,19,13,25,0,52
807,3,3,Cadres,1,0,29,24,0,0,52
811,2,3,Cadres,1,Autres,26,19,23,0,51
812,1,2,Employes,1,Retour foyer - inactivite,24,21,25,0,56
814,1,3,Cadres,1,Autres,22,25,45,0,53
817,1,1,Employes,1,Retour foyer - inactivite,28,18,20,0,70
818,2,3,Cadres,1,Retour foyer - inactivite,28,22,28,0,52
819,1,3,Ouvriers,1,Autres,18,14,42,0,54
824,3,3,Profs interm,1,Retour foyer - inactivite,21,22,23,0,50
828,1,3,Employes,1,0,21,25,0,0,51
834,1,1,Employes,1,Autres,20,36,55,0,69
835,3,2,Cadres,1,Retour foyer - inactivite,34,25,34,0,59
836,1,2,Profs interm,0,0,0,19,0,0,58
838,1,1,Employes,0,0,0,19,0,59,63
840,1,1,Employes,1,Retour foyer - inactivite,25,17,27,0,61
843,3,1,Profs interm,1,0,33,21,0,60,66
844,1,2,Employes,1,Retour foyer - inactivite,19,21,25,0,57
850,2,2,Profs interm,0,Retour foyer - inactivite,0,24,27,0,56
852,1,1,Employes,0,0,0,17,0,52,61
854,1,2,Employes,1,Retour foyer - inactivite,21,13,21,0,58
857,1,1,Ouvriers,1,Retour foyer - inactivite,18,14,35,0,62
859,1,2,Employes,1,Retour foyer - inactivite,18,14,24,0,56
860,3,2,Cadres,0,0,0,32,0,0,55
863,2,1,Cadres,1,0,30,22,0,60,62
867,1,2,Profs interm,1,Retour foyer - inactivite,28,20,23,0,59
868,3,3,Cadres,1,Autres,35,21,23,0,52
869,1,1,Employes,1,Autres,28,18,24,0,69
875,1,1,Employes,1,Retour foyer - inactivite,27,18,27,0,64
876,1,2,Profs interm,1,0,26,14,0,0,58
877,2,2,Profs interm,0,0,0,19,0,56,57
879,2,1,Employes,0,Autres,0,22,53,0,69
891,1,1,Employes,1,Retour foyer - inactivite,37,18,21,0,61
892,2,1,Artisans agr,1,Autres,35,23,25,0,69
895,1,1,Employes,1,Retour foyer - inactivite,21,12,36,0,62
900,1,2,Employes,1,Retour foyer - inactivite,21,17,22,0,56
901,3,2,Profs interm,1,Autres,27,44,54,0,55
909,2,3,Profs interm,1,Autres,27,20,25,0,54
913,1,2,Employes,1,0,19,36,0,0,59
915,3,3,Ouvriers,1,Retour foyer - inactivite,21,16,18,0,50
920,1,1,Employes,1,Retour foyer - inactivite,20,15,30,0,61
924,3,3,Cadres,1,Autres,30,26,48,0,53
925,3,1,Profs interm,1,Autres,35,19,22,0,68
933,1,1,Ouvriers,1,0,25,17,0,60,65
935,3,1,Cadres,1,0,28,21,0,60,62
938,1,3,Employes,1,Retour foyer - inactivite,21,16,20,0,52
939,3,1,Profs interm,0,Autres,0,21,62,0,62
944,1,3,Employes,0,Retour foyer - inactivite,0,16,33,0,53
948,1,3,Profs interm,1,Retour foyer - inactivite,20,18,20,0,53
951,2,1,Employes,1,Retour foyer - inactivite,24,20,30,0,63
953,3,3,Artisans agr,1,0,36,25,0,0,54
954,1,1,Cadres,1,Retour foyer - inactivite,18,25,26,0,68
957,3,2,Ouvriers,1,0,24,18,0,0,55
958,2,2,Employes,0,Retour foyer - inactivite,0,20,36,0,60
959,3,3,Cadres,0,Retour foyer - inactivite,0,28,31,0,53
960,1,1,Employes,1,Autres,25,16,21,0,61
962,1,3,Profs interm,1,Retour foyer - inactivite,27,15,24,0,52
966,3,2,Profs interm,1,0,21,22,0,55,55
973,3,2,Cadres,1,0,29,23,0,0,59
977,1,2,Employes,1,Retour foyer - inactivite,27,24,27,0,57
981,3,2,Cadres,1,Retour foyer - inactivite,29,28,30,0,58
982,3,1,Profs interm,0,0,0,23,0,61,70
983,1,1,Employes,1,Retour foyer - inactivite,24,18,24,0,64
987,1,3,Employes,1,Retour foyer - inactivite,20,19,29,0,54
991,2,2,Profs interm,1,0,27,23,0,56,58
996,1,3,Employes,1,Autres,18,24,46,0,49
1003,3,2,Cadres,1,0,22,19,0,0,55
1004,1,3,Employes,0,0,0,20,0,0,50
1008,3,2,Cadres,0,0,0,29,0,0,56
1009,1,3,Employes,1,Retour foyer - inactivite,23,14,22,0,51
1012,1,2,Profs interm,1,Retour foyer - inactivite,28,20,54,0,55
1013,1,3,Ouvriers,1,Autres,27,46,53,0,54
1016,3,2,Cadres,0,0,0,31,0,0,54
1021,1,2,Profs interm,1,0,19,35,0,0,58
1025,1,3,Employes,1,0,23,17,0,0,50
1028,3,2,Cadres,1,Autres,25,19,24,0,56
1032,1,1,Employes,0,Retour foyer - inactivite,0,17,55,0,61
1033,3,2,Cadres,1,Retour foyer - inactivite,37,27,30,0,60
1037,1,3,Ouvriers,1,0,29,18,0,0,53
1038,1,1,Profs interm,1,Retour foyer - inactivite,18,13,21,0,62
1039,3,2,Cadres,1,0,26,22,0,0,59
1043,1,3,Profs interm,0,0,0,18,0,0,50
1046,2,3,Cadres,1,Autres,33,19,38,0,52
1052,1,3,Profs interm,1,0,22,19,0,0,52
1053,1,3,Employes,1,0,22,19,0,0,53
1054,2,3,Profs interm,1,Autres,29,19,21,0,51
1056,1,3,Profs interm,1,Autres,33,26,28,0,50
1058,1,2,Profs interm,1,Retour foyer - inactivite,24,19,28,0,56
1059,1,2,Employes,1,Retour foyer - inactivite,29,17,29,0,56
1061,1,2,Cadres,1,0,33,14,0,55,56
1062,1,1,Profs interm,1,Retour foyer - inactivite,22,14,21,0,66
1063,1,3,Profs interm,1,0,21,18,0,0,52
1064,1,1,Employes,1,Retour foyer - inactivite,23,20,33,0,62
1065,1,3,Profs interm,1,Retour foyer - inactivite,24,18,26,0,50
1066,3,2,Profs interm,0,Autres,0,24,34,0,58
1067,1,1,Employes,1,Autres,30,23,29,0,70
1068,1,2,Profs interm,1,0,22,20,0,56,60
1070,3,3,Cadres,1,0,28,25,0,0,53
1075,1,2,Ouvriers,1,Retour foyer - inactivite,19,17,19,0,56
1077,1,3,Employes,1,Autres,27,14,20,0,54
1079,2,1,Employes,1,Retour foyer - inactivite,25,18,20,0,63
1081,3,3,Profs interm,1,Autres,22,17,22,0,53
1086,1,1,Employes,1,Retour foyer - inactivite,24,14,46,0,64
1087,2,3,Cadres,1,0,35,22,0,0,52
1089,1,3,Employes,1,Retour foyer - inactivite,19,30,31,0,51
1091,3,3,Cadres,0,Retour foyer - inactivite,0,24,45,0,50
1094,1,3,Employes,1,Retour foyer - inactivite,20,18,20,0,52
1096,3,3,Cadres,1,0,29,20,0,0,50
1100,1,2,Ouvriers,1,Retour foyer - inactivite,25,12,25,0,58
1101,2,2,Profs interm,1,Autres,29,20,26,0,57
1104,1,2,Employes,1,Retour foyer - inactivite,18,17,20,0,55
1107,3,1,Employes,1,Retour foyer - inactivite,25,25,27,0,60
1108,1,3,Ouvriers,1,Retour foyer - inactivite,20,14,20,0,52
1109,1,3,Artisans agr,1,Retour foyer - inactivite,38,21,44,0,53
1110,1,2,Profs interm,1,Retour foyer - inactivite,23,17,23,0,58
1118,3,3,Profs interm,1,Autres,22,26,41,0,50
1123,3,2,Cadres,1,0,34,46,0,0,59
1124,1,2,Employes,1,Retour foyer - inactivite,18,32,57,0,58
1125,1,1,Employes,1,Retour foyer - inactivite,20,17,20,0,70
1126,1,1,Employes,1,Autres,24,18,39,0,69
1127,2,3,Profs interm,1,0,22,20,0,0,52
1128,1,1,Employes,1,0,27,18,0,55,63
1133,1,1,Employes,0,Retour foyer - inactivite,0,17,58,0,63
1135,2,2,Cadres,1,0,41,23,0,0,56
1136,3,3,Profs interm,0,Retour foyer - inactivite,0,18,42,0,51
1137,3,2,Cadres,1,0,26,26,0,58,60
1138,3,3,Cadres,0,0,0,24,0,0,53
1139,1,3,Profs interm,1,0,42,17,0,0,52
1140,3,3,Employes,0,Autres,0,22,36,0,51
1144,1,3,Employes,1,0,29,14,0,0,53
1145,2,1,Cadres,1,Retour foyer - inactivite,24,22,24,0,64
1147,3,3,Cadres,1,0,26,24,0,0,53
1148,3,3,Cadres,1,Retour foyer - inactivite,31,24,32,0,52
1149,3,3,Employes,0,Autres,0,17,24,0,52
1152,3,3,Cadres,1,0,30,22,0,0,52
1153,1,3,Profs interm,1,0,31,18,0,0,52
1155,2,3,Profs interm,1,0,21,24,0,0,50
1158,1,3,Employes,1,Retour foyer - inactivite,26,20,27,0,53
1159,3,3,Cadres,1,0,31,24,0,0,52
1161,1,3,Profs interm,1,0,28,18,0,0,50
1166,3,2,Cadres,1,0,23,25,0,0,58
1167,1,3,Employes,1,Retour foyer - inactivite,22,18,28,0,54
1168,3,3,Profs interm,1,Autres,29,19,32,0,53
1169,3,2,Cadres,1,0,32,20,0,56,57
1171,1,1,Employes,1,Retour foyer - inactivite,26,20,22,0,68
1172,1,2,Profs interm,1,0,25,18,0,51,60
1174,1,2,Employes,1,Retour foyer - inactivite,20,23,31,0,56
1175,1,3,Employes,1,Retour foyer - inactivite,33,17,31,0,52
1182,1,1,Profs interm,0,0,0,27,0,57,70
1186,3,3,Profs interm,1,Retour foyer - inactivite,29,20,29,0,53
1187,3,3,Profs interm,0,0,0,22,0,0,53
1190,3,3,Cadres,0,0,0,21,0,0,52
1194,2,1,Cadres,1,0,30,20,0,60,65
1200,1,1,Employes,0,0,0,27,0,66,66
1205,1,2,Employes,1,0,23,14,0,0,56
1207,2,3,Profs interm,0,0,0,30,0,0,54
1208,1,1,Employes,1,0,31,14,0,63,67
1209,1,3,Profs interm,0,0,0,18,0,0,52
1220,3,2,Employes,1,0,24,40,0,56,60
1222,3,3,Artisans agr,1,Autres,22,20,49,0,51
1223,3,2,Cadres,1,0,30,22,0,0,57
1225,1,2,Employes,1,0,15,21,0,0,55
1226,1,2,Cadres,1,Retour foyer - inactivite,27,19,26,0,60
1228,3,3,Profs interm,0,Retour foyer - inactivite,0,14,18,0,53
1231,1,2,Profs interm,0,0,0,19,0,0,59
1235,1,3,Employes,1,Retour foyer - inactivite,27,13,25,0,52
1240,3,2,Cadres,1,Autres,26,24,30,0,57
1241,3,3,Cadres,1,0,28,26,0,0,53
1245,1,2,Ouvriers,1,Retour foyer - inactivite,20,19,20,0,57
1249,1,1,Employes,0,Autres,0,16,20,0,60
1252,1,1,Employes,1,0,26,15,0,62,62
1253,1,3,Employes,1,0,33,18,0,0,50
1256,1,2,Employes,1,0,22,18,0,45,55
1257,1,2,Profs interm,1,0,24,19,0,0,57
1260,1,1,Employes,1,Autres,28,17,29,0,68
1261,1,1,Profs interm,1,0,33,19,0,60,67
1263,1,2,Employes,1,Retour foyer - inactivite,19,17,19,0,55
1266,1,2,Employes,1,Retour foyer - inactivite,23,19,22,0,55
1269,2,2,Employes,1,Retour foyer - inactivite,24,18,57,0,58
1270,1,3,Cadres,0,0,0,18,0,0,54
1271,1,2,Employes,1,Retour foyer - inactivite,23,18,26,0,59
1273,2,2,Employes,0,0,0,21,0,57,57
1274,1,3,Employes,1,Retour foyer - inactivite,27,16,35,0,54
1276,1,1,Employes,1,Retour foyer - inactivite,29,14,31,0,69
1278,1,3,Employes,1,Retour foyer - inactivite,21,18,21,0,52
1279,3,3,Cadres,1,Autres,26,24,26,0,51
1283,1,1,Employes,1,Autres,18,38,53,0,64
1293,3,2,Profs interm,1,0,31,21,0,0,60
1295,3,1,Cadres,1,0,21,21,0,65,66
1298,2,2,Profs interm,1,Autres,35,21,44,0,57
1299,3,1,Cadres,0,0,0,26,0,0,62
1301,3,2,Cadres,1,0,24,24,0,0,57
1302,1,3,Profs interm,1,0,28,17,0,0,51
1303,2,1,Cadres,1,Retour foyer - inactivite,24,34,53,0,65
1304,3,3,Cadres,0,Autres,0,21,50,0,50
1310,1,1,Profs interm,1,0,23,17,0,64,68
1314,1,3,Ouvriers,1,Retour foyer - inactivite,21,13,23,0,54
1316,2,1,Profs interm,1,Autres,28,21,27,0,61
1317,3,2,Cadres,0,Retour foyer - inactivite,0,29,49,0,58
1324,3,1,Cadres,1,0,30,33,0,0,69
1326,1,2,Employes,1,Retour foyer - inactivite,19,19,21,0,55
1330,1,1,Profs interm,1,Retour foyer - inactivite,30,18,30,0,66
1333,3,2,Cadres,1,0,33,25,0,0,57
1334,1,2,Employes,1,Retour foyer - inactivite,26,17,26,0,57
1335,2,1,Employes,1,Autres,35,17,38,0,62
1336,1,3,Employes,0,0,0,18,0,0,50
1340,1,3,Employes,1,0,21,22,0,0,50
1342,1,1,Cadres,1,Retour foyer - inactivite,35,18,38,0,66
1343,2,2,Artisans agr,1,Retour foyer - inactivite,21,26,30,0,60
1349,1,3,Employes,1,Autres,32,23,43,0,51
1350,1,1,Employes,1,Retour foyer - inactivite,24,17,47,0,68
1351,3,2,Profs interm,1,Retour foyer - inactivite,27,23,27,0,54
1356,1,1,Employes,1,Retour foyer - inactivite,25,19,23,0,61
1362,1,3,Cadres,0,0,0,16,0,0,54
1365,2,2,Employes,1,Retour foyer - inactivite,40,24,40,0,56
1371,1,3,Cadres,1,0,23,16,0,0,54
1372,3,2,Profs interm,1,Retour foyer - inactivite,31,23,34,0,57
1375,1,2,Employes,1,Retour foyer - inactivite,21,17,22,0,56
1378,1,1,Ouvriers,1,Retour foyer - inactivite,36,18,36,0,66
1380,1,2,Employes,1,0,29,16,0,0,56
1382,2,3,Profs interm,1,0,24,18,0,0,54
1383,1,1,Employes,1,Retour foyer - inactivite,20,18,60,0,62
1385,1,3,Profs interm,1,Retour foyer - inactivite,20,14,20,0,52
1387,1,1,Employes,1,Retour foyer - inactivite,23,12,22,0,62
1388,1,2,Ouvriers,1,Retour foyer - inactivite,25,17,20,0,58
1389,1,3,Employes,1,Retour foyer - inactivite,24,14,24,0,51
1391,1,1,Employes,1,Retour foyer - inactivite,24,18,24,0,68
1392,1,1,Employes,1,Retour foyer - inactivite,31,16,31,0,61
1393,1,3,Profs interm,1,0,17,17,0,0,50
1395,1,1,Artisans agr,0,Retour foyer - inactivite,0,19,34,0,66
1397,1,1,Employes,1,0,24,18,0,56,62
1398,3,3,Cadres,1,0,29,17,0,0,53
1401,3,3,Cadres,1,0,24,25,0,0,50
1402,2,3,Cadres,0,Retour foyer - inactivite,0,21,31,0,52
1406,1,3,Employes,1,0,25,19,0,0,53
1407,3,2,Profs interm,1,Retour foyer - inactivite,30,22,29,0,55
1411,2,2,Cadres,1,Retour foyer - inactivite,30,19,29,0,57
1412,1,3,Ouvriers,1,Retour foyer - inactivite,19,15,23,0,52
1413,1,3,Employes,1,Retour foyer - inactivite,22,15,21,0,52
1414,1,2,Employes,1,Autres,31,17,51,0,57
1416,1,1,Profs interm,0,0,0,18,0,56,70
1417,1,1,Profs interm,1,Autres,23,16,20,0,62
1421,3,1,Cadres,1,0,40,23,0,52,68
1423,1,3,Employes,1,0,23,14,0,0,50
1426,1,2,Employes,1,Retour foyer - inactivite,21,19,21,0,59
1427,1,2,Profs interm,0,0,0,13,0,0,57
1430,1,1,Cadres,1,Retour foyer - inactivite,21,17,20,0,68
1431,1,2,Employes,1,Retour foyer - inactivite,21,17,22,0,57
1432,3,3,Profs interm,1,Retour foyer - inactivite,28,16,19,0,50
1433,2,2,Profs interm,1,0,24,21,0,0,59
1434,1,2,Employes,1,Retour foyer - inactivite,25,14,26,0,56
1436,1,2,Employes,1,0,18,53,0,0,56
1437,1,1,Ouvriers,1,Retour foyer - inactivite,22,14,29,0,63
1438,1,2,Employes,1,Retour foyer - inactivite,18,19,22,0,57
1439,1,1,Ouvriers,1,Retour foyer - inactivite,22,17,22,0,62
1440,1,3,Employes,1,Retour foyer - inactivite,28,18,29,0,50
1441,1,2,Employes,1,Retour foyer - inactivite,21,17,21,0,61
1442,2,3,Profs interm,1,0,22,18,0,48,53
1443,3,1,Cadres,0,0,0,33,0,61,70
1444,2,1,Cadres,1,0,21,23,0,43,63
1445,1,2,Employes,1,Retour foyer - inactivite,21,14,19,0,57
1446,1,2,Employes,1,Retour foyer - inactivite,26,21,26,0,55
1447,1,1,Profs interm,1,Retour foyer - inactivite,23,19,22,0,61
1448,1,3,Employes,1,0,20,16,0,0,52
1450,1,2,Profs interm,1,Retour foyer - inactivite,20,14,36,0,56
1452,2,3,Profs interm,1,0,27,22,0,0,52
1453,3,3,Profs interm,1,Retour foyer - inactivite,25,44,52,0,52
1455,3,3,Profs interm,1,Retour foyer - inactivite,31,27,32,0,51
1458,2,1,Profs interm,1,Retour foyer - inactivite,26,18,27,0,70
1461,3,3,Cadres,1,Retour foyer - inactivite,22,20,24,0,53
1462,1,2,Profs interm,1,Retour foyer - inactivite,18,14,18,0,58
1463,3,3,Profs interm,1,Autres,30,27,30,0,50
1466,1,1,Employes,1,Retour foyer - inactivite,18,48,58,0,68
1470,1,1,Employes,1,Retour foyer - inactivite,26,16,26,0,64
1474,1,1,Employes,1,Retour foyer - inactivite,24,17,24,0,68
1476,1,1,Employes,1,Autres,33,16,56,0,63
1478,2,1,Profs interm,1,Retour foyer - inactivite,25,23,25,0,61
1480,1,1,Employes,1,Retour foyer - inactivite,20,14,20,0,69
1481,3,2,Profs interm,1,Autres,23,19,20,0,55
1483,1,1,Employes,1,Retour foyer - inactivite,22,20,22,0,66
1485,1,1,Employes,1,Retour foyer - inactivite,32,22,32,0,68
1486,2,1,Profs interm,1,0,28,19,0,61,66
1488,1,1,Employes,1,0,21,14,0,60,62
1490,1,2,Employes,1,0,26,17,0,0,59
1491,1,1,Profs interm,0,0,0,18,0,61,67
1493,1,3,Employes,1,Retour foyer - inactivite,21,20,21,0,54
1494,1,1,Profs interm,1,0,23,16,0,60,61
1495,1,2,Employes,1,0,25,19,0,58,59
1496,1,3,Employes,1,0,25,20,0,0,52
1502,1,2,Employes,1,Retour foyer - inactivite,24,19,24,0,58
1503,1,2,Employes,1,Autres,24,17,47,0,56
1504,1,1,Employes,0,Retour foyer - inactivite,0,14,57,0,64
1505,1,3,Profs interm,1,0,27,18,0,0,50
1506,1,2,Employes,1,Retour foyer - inactivite,24,17,30,0,59
1507,1,1,Employes,1,Retour foyer - inactivite,26,17,30,0,65
1508,2,1,Profs interm,1,0,27,19,0,38,69
1509,1,1,Employes,1,Autres,41,14,31,0,69
1515,3,3,Cadres,1,0,29,24,0,0,50
1516,2,3,Profs interm,1,0,30,22,0,37,51
1519,3,3,Profs interm,1,0,29,22,0,0,53
1520,3,2,Employes,1,Retour foyer - inactivite,24,21,22,0,57
1523,2,3,Cadres,0,0,0,21,0,0,54
1524,1,1,Employes,1,Retour foyer - inactivite,26,17,26,0,62
1525,1,2,Profs interm,1,Retour foyer - inactivite,20,14,27,0,55
1528,2,3,Profs interm,1,Retour foyer - inactivite,26,19,34,0,53
1531,1,1,Employes,1,Retour foyer - inactivite,24,17,23,0,64
1532,1,1,Employes,1,Retour foyer - inactivite,25,17,25,0,61
1534,3,1,Cadres,0,Autres,0,22,24,0,62
1542,1,2,Profs interm,1,Retour foyer - inactivite,28,22,31,0,55
1544,1,2,Employes,1,0,25,17,0,0,58
1545,1,3,Employes,1,Autres,28,15,21,0,50
1546,1,1,Artisans agr,1,Retour foyer - inactivite,18,17,19,0,63
1550,2,3,Profs interm,1,0,22,38,0,0,50
1552,2,3,Employes,1,Retour foyer - inactivite,23,18,23,0,52
1553,1,2,Employes,0,0,0,26,0,0,61
1554,1,1,Employes,1,Retour foyer - inactivite,19,18,20,0,65
1555,1,1,Employes,0,0,0,16,0,58,70
1556,3,1,Cadres,0,0,0,24,0,60,62
1557,1,1,Employes,1,Retour foyer - inactivite,23,15,22,0,68
1567,1,1,Employes,1,0,27,14,0,0,67
1569,1,2,Employes,1,Retour foyer - inactivite,22,14,21,0,57
1571,1,3,Employes,1,Retour foyer - inactivite,23,19,35,0,51
1573,3,1,Cadres,1,0,25,25,0,0,61
1577,1,3,Employes,1,Autres,26,12,26,0,52
1578,1,1,Employes,1,Autres,26,17,55,0,65
1579,3,3,Profs interm,1,0,28,18,0,0,54
1580,3,3,Artisans agr,1,Retour foyer - inactivite,37,23,47,0,51
1581,1,1,Employes,1,0,24,19,0,55,70
1582,1,3,Employes,1,Retour foyer - inactivite,23,18,24,0,53
1585,1,1,Employes,1,Retour foyer - inactivite,24,23,26,0,62
1588,2,3,Profs interm,1,Retour foyer - inactivite,25,18,25,0,52
1589,2,3,Profs interm,1,0,27,21,0,0,53
1592,1,2,Employes,0,0,0,17,0,58,61
1593,1,2,Cadres,1,0,19,16,0,57,58
1595,1,2,Employes,1,Autres,20,16,29,0,56
1596,1,3,Employes,1,Retour foyer - inactivite,18,16,20,0,50
1598,2,1,Profs interm,1,Autres,26,21,23,0,67
1602,3,2,Artisans agr,1,Retour foyer - inactivite,24,19,23,0,56
1607,1,1,Ouvriers,0,0,0,22,0,57,70
1610,1,1,Profs interm,1,Retour foyer - inactivite,21,18,19,0,62
1611,2,3,Ouvriers,1,Retour foyer - inactivite,32,27,35,0,53
1618,3,3,Profs interm,1,Autres,41,20,23,0,54
1619,3,3,Cadres,1,0,45,21,0,0,53
1620,1,1,Profs interm,1,Retour foyer - inactivite,22,17,22,0,61
1621,1,1,Employes,0,Retour foyer - inactivite,0,17,21,0,64
1622,1,1,Employes,1,Retour foyer - inactivite,22,14,22,0,64
1624,1,1,Artisans agr,1,Retour foyer - inactivite,19,46,53,0,66
1625,1,3,Employes,1,0,23,18,0,0,54
1626,1,3,Ouvriers,1,Autres,23,16,20,0,51
1627,1,2,Employes,1,Retour foyer - inactivite,26,16,26,0,60
1628,1,2,Profs interm,1,0,28,20,0,55,55
1629,2,1,Profs interm,1,Retour foyer - inactivite,20,20,25,0,67
1631,1,2,Artisans agr,1,Retour foyer - inactivite,24,16,24,0,60
1632,1,2,Artisans agr,1,Retour foyer - inactivite,23,12,22,0,57
1633,1,2,Profs interm,1,Autres,22,19,27,0,60
1636,1,1,Profs interm,1,0,31,21,0,60,65
1637,3,1,Cadres,1,Retour foyer - inactivite,24,43,61,0,66
1638,2,3,Profs interm,1,Retour foyer - inactivite,23,20,23,0,52
1639,1,1,Profs interm,1,Retour foyer - inactivite,23,20,25,0,64
1641,2,2,Artisans agr,1,Autres,28,21,57,0,60
1643,1,2,Profs interm,1,0,20,17,0,50,55
1646,1,2,Employes,1,Retour foyer - inactivite,31,20,30,0,61
1648,3,1,Cadres,1,Autres,26,22,61,0,69
1649,3,2,Cadres,0,0,0,24,0,0,56
1652,1,3,Employes,1,0,24,17,0,0,54
1656,1,1,Profs interm,0,Retour foyer - inactivite,0,20,24,0,71
1657,1,2,Cadres,1,Retour foyer - inactivite,23,17,30,0,56
1658,1,1,Employes,1,Retour foyer - inactivite,23,19,29,0,61
1660,1,1,Employes,1,Retour foyer - inactivite,20,14,29,0,64
1661,1,3,Employes,1,Retour foyer - inactivite,20,18,21,0,53
1663,1,2,Employes,1,Retour foyer - inactivite,26,16,31,0,59
1664,1,2,Employes,1,Autres,25,19,23,0,56
1668,1,3,Employes,1,0,32,21,0,0,53
1673,1,1,Ouvriers,1,0,21,38,0,58,68
1674,1,2,Employes,1,Retour foyer - inactivite,18,14,21,0,55
1675,1,2,Profs interm,1,0,24,20,0,37,57
1676,1,3,Profs interm,1,Retour foyer - inactivite,25,22,24,0,54
1677,1,3,Employes,1,0,25,12,0,0,52
1680,2,3,Profs interm,1,Autres,30,23,50,0,54
1684,1,1,Employes,1,0,25,17,0,61,65
1685,1,1,Employes,1,0,23,30,0,0,66
1688,1,1,Employes,1,0,37,19,0,61,64
1689,3,3,Profs interm,1,0,23,20,0,0,51
1693,2,3,Cadres,1,0,26,24,0,0,53
1695,3,1,Profs interm,1,Retour foyer - inactivite,26,21,27,0,66
1697,1,1,Ouvriers,1,Retour foyer - inactivite,33,18,32,0,61
1698,3,1,Profs interm,1,0,29,25,0,58,66
1701,3,3,Employes,1,0,31,22,0,0,53
1706,1,1,Employes,1,Retour foyer - inactivite,24,15,24,0,68
1709,1,3,Profs interm,0,Autres,0,14,31,0,53
1710,1,1,Artisans agr,1,0,29,20,0,0,61
1712,1,2,Ouvriers,0,0,0,14,0,0,56
1715,1,3,Profs interm,1,Retour foyer - inactivite,22,19,23,0,53
1717,1,1,Cadres,1,0,34,19,0,60,63
1719,1,1,Employes,1,Autres,22,15,18,0,63
1720,1,2,Employes,1,Autres,27,18,28,0,56
1721,1,2,Artisans agr,1,Retour foyer - inactivite,22,17,52,0,58
1723,2,2,Profs interm,0,0,0,21,0,0,58
1724,3,2,Cadres,1,Retour foyer - inactivite,21,19,24,0,57
1725,1,3,Employes,1,Autres,23,18,23,0,54
1727,1,3,Employes,0,Autres,0,19,45,0,52
1729,1,1,Employes,1,Retour foyer - inactivite,27,18,25,0,63
1731,1,1,Employes,1,Retour foyer - inactivite,23,16,31,0,67
1743,1,3,Profs interm,1,Autres,27,17,46,0,50
1745,2,3,Profs interm,1,Retour foyer - inactivite,27,21,27,0,50
1746,3,3,Profs interm,1,Retour foyer - inactivite,32,19,26,0,53
1747,3,2,Employes,1,0,27,21,0,54,59
1750,2,1,Profs interm,1,0,35,23,0,0,64
1757,1,2,Employes,1,0,39,18,0,0,58
1761,3,3,Cadres,0,Autres,0,20,33,0,53
1763,2,2,Employes,1,Retour foyer - inactivite,33,18,27,0,55
1764,1,2,Profs interm,1,Retour foyer - inactivite,19,17,24,0,56
1765,2,2,Employes,1,0,27,20,0,55,56
1766,2,2,Profs interm,0,0,0,20,0,60,61
1767,2,2,Profs interm,1,0,25,20,0,52,58
1769,1,3,Employes,1,Autres,20,17,44,0,51
1770,1,3,Employes,1,0,30,16,0,0,53
1771,1,1,Employes,1,Retour foyer - inactivite,21,17,30,0,69
1772,3,1,Profs interm,1,Autres,32,14,20,0,70
1773,3,2,Employes,1,Autres,26,14,23,0,57
1774,1,3,Profs interm,1,Retour foyer - inactivite,24,14,27,0,51
1776,1,1,Employes,1,Retour foyer - inactivite,23,16,23,0,63
1777,1,3,Employes,1,0,19,50,0,0,53
1780,1,3,Profs interm,1,Retour foyer - inactivite,20,18,19,0,52
1781,1,3,Profs interm,1,Retour foyer - inactivite,23,19,28,0,53
1787,1,1,Employes,1,Retour foyer - inactivite,38,30,32,0,64
1788,1,3,Profs interm,0,0,0,19,0,0,55
1789,1,1,Employes,1,Retour foyer - inactivite,25,17,27,0,67
1792,1,3,Ouvriers,1,0,23,30,0,0,52
1793,1,2,Profs interm,1,Retour foyer - inactivite,25,20,37,0,58
1795,1,2,Employes,1,Retour foyer - inactivite,24,19,25,0,60
1797,2,3,Profs interm,1,0,25,22,0,0,50
1799,1,2,Profs interm,1,Autres,25,19,20,0,59
1802,1,1,Profs interm,1,Retour foyer - inactivite,28,23,27,0,67
1805,1,2,Profs interm,0,Autres,0,18,58,0,59
1806,3,2,Employes,1,Retour foyer - inactivite,28,26,27,0,60
1807,1,3,Employes,1,Retour foyer - inactivite,20,19,20,0,51
1808,1,1,Employes,1,Retour foyer - inactivite,22,15,24,0,65
1809,2,1,Cadres,1,Autres,21,18,57,0,61
1810,1,3,Employes,1,Autres,28,15,31,0,50
1814,1,2,Cadres,1,0,21,18,0,59,59
1816,1,3,Ouvriers,1,Autres,22,21,22,0,51
1817,2,1,Employes,1,Autres,25,20,54,0,62
1819,3,2,Cadres,1,Autres,46,25,48,0,60
1823,3,3,Employes,1,Autres,29,23,25,0,53
1824,3,2,Artisans agr,1,Retour foyer - inactivite,24,17,24,0,55
1832,1,1,Employes,1,Autres,27,17,24,0,67
1838,2,1,Artisans agr,1,Retour foyer - inactivite,27,19,57,0,67
1839,1,1,Employes,1,0,26,19,0,57,65
1843,1,3,Employes,1,Autres,34,18,25,0,52
1846,1,3,Employes,1,0,24,19,0,0,51
1848,1,3,Profs interm,1,Autres,33,20,24,0,50
1849,2,3,Cadres,1,0,32,19,0,0,52
1850,1,1,Ouvriers,1,Autres,18,38,39,0,62
1852,2,3,Profs interm,1,0,24,20,0,0,54
1854,1,1,Employes,1,Retour foyer - inactivite,26,19,25,0,64
1855,1,2,Employes,1,Autres,24,18,25,0,57
1856,1,1,Employes,1,Retour foyer - inactivite,26,19,30,0,61
1857,1,2,Employes,1,Autres,29,20,52,0,57
1858,2,3,Profs interm,1,0,23,37,0,0,53
1859,1,3,Employes,1,0,25,15,0,33,52
1860,2,1,Profs interm,1,Retour foyer - inactivite,25,21,53,0,63
1861,3,3,Profs interm,1,Autres,24,15,27,0,52
1862,1,2,Employes,1,Retour foyer - inactivite,19,14,22,0,56
1863,1,1,Profs interm,1,Retour foyer - inactivite,20,19,24,0,65
1865,1,2,Employes,1,Retour foyer - inactivite,29,19,29,0,59
1867,2,1,Cadres,1,Autres,25,20,34,0,62
1868,1,2,Profs interm,1,Retour foyer - inactivite,27,21,28,0,60
1869,1,1,Employes,1,Retour foyer - inactivite,25,14,26,0,63
1871,1,2,Profs interm,1,Retour foyer - inactivite,21,16,22,0,59
1877,3,1,Profs interm,1,Retour foyer - inactivite,26,21,23,0,69
1878,1,1,Employes,1,Retour foyer - inactivite,21,14,23,0,66
1879,3,2,Cadres,1,Autres,31,19,24,0,60
1880,3,3,Cadres,1,Retour foyer - inactivite,26,21,26,0,54
1881,3,3,Cadres,1,Retour foyer - inactivite,26,22,26,0,52
1882,3,1,Profs interm,0,0,0,25,0,65,68
1883,3,3,Cadres,1,Autres,35,21,24,0,50
1888,1,2,Employes,1,Retour foyer - inactivite,22,20,30,0,57
1889,1,1,Employes,1,Retour foyer - inactivite,22,15,27,0,66
1890,3,1,Profs interm,1,Retour foyer - inactivite,27,21,28,0,69
1891,2,2,Artisans agr,1,Autres,25,25,30,0,57
1892,2,2,Profs interm,1,Autres,21,45,56,0,55
1893,1,2,Employes,0,0,0,20,0,55,57
1894,1,1,Employes,1,Retour foyer - inactivite,26,18,26,0,66
1896,1,2,Cadres,1,0,27,17,0,57,58
1897,1,2,Employes,1,Retour foyer - inactivite,21,15,21,0,60
1898,1,2,Employes,1,Retour foyer - inactivite,27,18,32,0,59
1900,2,3,Profs interm,1,Retour foyer - inactivite,33,20,28,0,54
1904,1,1,Employes,1,Autres,22,15,56,0,69
1905,1,3,Employes,1,Autres,31,16,55,0,54
1906,1,2,Employes,1,Autres,24,20,48,0,57
1908,1,3,Employes,1,Autres,23,18,26,0,51
1909,2,2,Cadres,0,Autres,0,18,51,0,56
1912,2,3,Cadres,1,Autres,25,22,23,0,53
1914,1,3,Profs interm,1,Autres,28,14,44,0,52
1918,1,2,Profs interm,1,0,32,18,0,58,59
1919,1,3,Profs interm,1,0,22,17,0,0,54
1921,3,3,Profs interm,0,Retour foyer - inactivite,0,22,28,0,50
1922,1,2,Employes,1,Autres,22,14,43,0,57
1923,1,1,Employes,1,Retour foyer - inactivite,29,14,32,0,66
1926,3,3,Profs interm,1,Retour foyer - inactivite,26,16,21,0,52
1928,1,1,Artisans agr,1,Retour foyer - inactivite,29,18,29,0,66
1929,1,2,Employes,1,Retour foyer - inactivite,23,17,29,0,57
1930,1,3,Cadres,1,Autres,36,23,25,0,51
1931,1,1,Profs interm,1,Retour foyer - inactivite,20,14,23,0,65
1933,3,3,Artisans agr,1,Autres,25,24,30,0,53
1935,1,3,Employes,1,0,27,26,0,0,53
1936,1,1,Employes,1,0,22,14,0,59,62
1937,3,3,Cadres,1,0,23,22,0,0,50
1939,1,1,Employes,1,0,21,41,0,0,66
1941,3,3,Profs interm,1,Autres,30,23,29,0,51
1944,1,3,Profs interm,1,Autres,28,19,30,0,52
1945,1,3,Ouvriers,1,Retour foyer - inactivite,24,16,24,0,50
1946,1,1,Employes,1,Retour foyer - inactivite,29,18,33,0,62
1951,1,3,Ouvriers,1,Retour foyer - inactivite,23,13,26,0,52
1953,1,3,Profs interm,1,0,22,20,0,0,51
1954,3,3,Cadres,1,Autres,30,21,24,0,50
1955,1,3,Employes,1,Retour foyer - inactivite,28,18,27,0,52
1956,1,3,Profs interm,1,Autres,21,18,48,0,53
1959,1,2,Employes,1,Retour foyer - inactivite,26,18,31,0,59
1960,2,3,Profs interm,1,Retour foyer - inactivite,24,22,38,0,54
1961,1,1,Employes,1,Retour foyer - inactivite,20,18,19,0,68
1962,1,2,Employes,1,Retour foyer - inactivite,25,14,25,0,59
1963,1,3,Profs interm,1,0,36,19,0,0,52
1965,1,2,Employes,1,Retour foyer - inactivite,22,16,22,0,59
1966,1,2,Employes,1,Retour foyer - inactivite,24,17,25,0,56
1967,1,1,Ouvriers,1,Retour foyer - inactivite,28,14,35,0,69
1970,3,3,Cadres,1,0,30,22,0,0,50
1971,1,1,Employes,1,Retour foyer - inactivite,20,17,19,0,69
1972,2,3,Profs interm,1,0,27,20,0,0,55
1973,1,1,Artisans agr,1,Retour foyer - inactivite,20,14,22,0,65
1974,1,3,Employes,1,0,24,20,0,0,53
1975,2,3,Profs interm,1,0,27,21,0,0,54
1979,1,3,Ouvriers,1,Retour foyer - inactivite,39,24,34,0,51
1980,1,3,Employes,1,0,22,20,0,38,53
1986,1,1,Ouvriers,1,Retour foyer - inactivite,21,15,23,0,66
1988,1,2,Employes,1,Retour foyer - inactivite,20,12,18,0,60
1994,1,1,Employes,1,Retour foyer - inactivite,28,22,28,0,66
1996,1,1,Ouvriers,1,Retour foyer - inactivite,24,20,27,0,69
1997,1,1,Employes,1,Retour foyer - inactivite,26,16,28,0,65
1998,3,3,Profs interm,1,0,26,22,0,0,51
2001,3,3,Cadres,1,0,21,20,0,0,51
2002,1,3,Employes,1,Retour foyer - inactivite,25,18,28,0,52
2009,1,2,Employes,1,0,22,17,0,57,60
2010,1,1,Profs interm,1,0,27,19,0,60,67
2012,1,2,Employes,1,Retour foyer - inactivite,22,17,25,0,59
2013,1,3,Employes,1,Retour foyer - inactivite,31,18,35,0,52
2014,1,1,Employes,1,Retour foyer - inactivite,28,17,33,0,67
2015,1,3,Employes,1,Retour foyer - inactivite,21,17,20,0,53
2016,1,3,Profs interm,1,Retour foyer - inactivite,19,17,21,0,50
2017,1,2,Employes,1,Retour foyer - inactivite,23,19,25,0,60
2022,3,3,Profs interm,0,0,0,20,0,0,51
2026,1,2,Employes,1,Retour foyer - inactivite,23,22,24,0,60
2029,1,2,Profs interm,1,Retour foyer - inactivite,23,19,32,0,58
2032,3,2,Cadres,1,Autres,39,27,29,0,58
2033,1,3,Profs interm,1,Retour foyer - inactivite,26,17,30,0,51
2034,1,1,Employes,1,Retour foyer - inactivite,20,13,20,0,61
2037,1,3,Employes,1,0,21,16,0,0,50
2038,2,3,Employes,1,Autres,22,17,30,0,50
2040,1,3,Employes,1,Retour foyer - inactivite,23,16,40,0,51
2041,1,2,Employes,1,Retour foyer - inactivite,20,14,20,0,58
2042,1,3,Employes,1,Retour foyer - inactivite,24,20,24,0,53
2043,3,3,Cadres,1,0,28,22,0,0,52
2044,1,1,Profs interm,1,Retour foyer - inactivite,25,21,29,0,69
2046,2,3,Cadres,1,0,40,25,0,0,51
2048,2,2,Profs interm,1,Retour foyer - inactivite,28,22,28,0,60
2054,3,2,Cadres,1,0,26,23,0,0,60
2059,2,1,Cadres,1,Retour foyer - inactivite,24,20,24,0,68
2060,1,1,Profs interm,1,0,25,14,0,59,64
2061,1,1,Employes,1,0,37,18,0,60,61
2062,3,2,Profs interm,1,0,28,22,0,0,59
2064,3,2,Profs interm,1,Retour foyer - inactivite,29,24,30,0,57
2065,1,1,Profs interm,0,0,0,17,0,57,66
2066,1,2,Employes,1,Autres,26,15,56,0,56
2068,1,1,Employes,1,Retour foyer - inactivite,21,20,22,0,67
2069,1,3,Employes,0,0,0,16,0,0,54
2070,1,2,Employes,1,Retour foyer - inactivite,24,18,22,0,60
2075,1,1,Employes,1,0,28,19,0,60,63
2078,1,3,Profs interm,1,0,23,19,0,0,54
2080,1,3,Employes,1,Retour foyer - inactivite,21,18,21,0,51
2081,1,3,Employes,1,0,24,20,0,0,51
2083,3,1,Profs interm,1,0,27,20,0,58,61
2087,1,3,Ouvriers,1,Retour foyer - inactivite,33,18,30,0,52
2088,1,3,Employes,1,Retour foyer - inactivite,23,14,23,0,54
2096,1,2,Ouvriers,1,Retour foyer - inactivite,25,21,24,0,56
2097,2,1,Profs interm,1,0,20,41,0,60,65
2099,1,2,Employes,0,0,0,16,0,0,55
2101,1,1,Profs interm,1,Retour foyer - inactivite,28,21,29,0,65
2103,3,3,Employes,1,Retour foyer - inactivite,25,24,25,0,52
2104,1,1,Employes,1,0,38,12,0,0,63
2105,1,1,Employes,1,Retour foyer - inactivite,24,18,22,0,69
2106,3,2,Employes,1,Retour foyer - inactivite,26,21,28,0,60
2108,1,2,Ouvriers,1,Retour foyer - inactivite,25,33,35,0,55
2109,2,1,Cadres,1,Retour foyer - inactivite,23,19,23,0,67
2110,1,1,Ouvriers,1,Retour foyer - inactivite,20,16,20,0,71
2111,1,3,Employes,1,Retour foyer - inactivite,22,18,20,0,52
2115,1,2,Artisans agr,1,Autres,26,17,46,0,58
2118,1,1,Employes,1,Retour foyer - inactivite,38,12,38,0,66
2121,1,3,Employes,1,Retour foyer - inactivite,19,13,28,0,50
2122,1,3,Employes,1,Autres,17,14,48,0,53
2123,1,3,Employes,1,Retour foyer - inactivite,25,18,25,0,53
2124,1,1,Ouvriers,1,Retour foyer - inactivite,20,12,25,0,63
2125,1,1,Employes,1,Autres,27,33,35,0,63
2127,3,3,Profs interm,1,0,26,22,0,0,54
2130,3,1,Cadres,1,Autres,24,17,51,0,65
2133,3,2,Cadres,1,Autres,27,20,22,0,56
2135,1,3,Profs interm,1,0,21,16,0,0,55
2137,2,1,Cadres,1,Autres,32,18,21,0,67
2139,1,1,Employes,1,Retour foyer - inactivite,22,20,52,0,70
2141,1,3,Employes,1,Retour foyer - inactivite,20,17,19,0,54
2142,2,1,Profs interm,0,Retour foyer - inactivite,0,21,22,0,63
2143,1,3,Profs interm,0,Autres,0,17,33,0,53
2147,1,1,Employes,1,Autres,18,24,55,0,64
2148,2,1,Cadres,0,0,0,20,0,51,68
2149,1,2,Profs interm,1,Retour foyer - inactivite,21,14,22,0,57
2150,1,1,Employes,1,Retour foyer - inactivite,23,18,24,0,61
2151,1,3,Employes,1,Retour foyer - inactivite,19,14,18,0,55
2152,1,3,Employes,1,0,27,18,0,0,54
2153,3,1,Employes,1,Retour foyer - inactivite,36,18,36,0,68
2154,2,3,Employes,1,Autres,27,21,49,0,52
2155,1,1,Employes,1,Retour foyer - inactivite,21,14,21,0,63
2156,1,3,Employes,1,Retour foyer - inactivite,20,30,32,0,53
2159,3,3,Profs interm,1,0,23,19,0,0,50
2160,1,3,Cadres,0,0,0,18,0,0,52
2161,2,2,Profs interm,1,Retour foyer - inactivite,27,19,32,0,56
2163,1,3,Employes,1,Retour foyer - inactivite,33,19,33,0,52
2164,1,3,Profs interm,1,Autres,27,26,33,0,51
2165,2,1,Employes,1,Retour foyer - inactivite,23,20,23,0,64
2166,3,1,Cadres,1,0,32,29,0,0,68
2167,3,1,Employes,0,0,0,26,0,50,65
2168,1,1,Profs interm,1,Retour foyer - inactivite,22,18,22,0,63
2169,1,1,Employes,1,Retour foyer - inactivite,21,17,21,0,70
2170,2,2,Profs interm,1,0,24,21,0,59,59
2171,3,2,Cadres,1,Retour foyer - inactivite,29,21,28,0,60
2172,2,3,Profs interm,1,0,20,20,0,0,54
2173,3,2,Profs interm,1,Retour foyer - inactivite,21,17,21,0,56
2174,1,3,Ouvriers,1,Retour foyer - inactivite,18,35,38,0,51
2177,1,3,Employes,1,Retour foyer - inactivite,20,13,24,0,54
2178,3,1,Employes,1,Autres,20,18,21,0,69
2180,3,3,Cadres,1,Autres,24,22,24,0,51
2181,3,3,Cadres,1,0,28,23,0,0,53
2187,1,1,Artisans agr,1,Retour foyer - inactivite,25,18,22,0,63
2188,1,1,Employes,1,0,26,14,0,58,64
2191,3,3,Profs interm,0,0,0,22,0,0,50
2193,3,2,Cadres,0,0,0,25,0,0,58
2194,1,2,Employes,1,Retour foyer - inactivite,22,15,23,0,58
2196,1,2,Artisans agr,1,0,23,15,0,0,55
2200,3,1,Cadres,0,0,0,26,0,65,68
2201,1,1,Employes,1,0,19,16,0,61,62
2202,2,1,Profs interm,1,0,26,20,0,51,63
2204,1,1,Employes,1,Retour foyer - inactivite,26,16,26,0,66
2205,1,1,Employes,1,Retour foyer - inactivite,27,17,28,0,65
2206,1,3,Employes,1,Retour foyer - inactivite,24,18,27,0,52
2209,2,2,Profs interm,1,Autres,22,20,33,0,59
2211,1,3,Employes,1,Retour foyer - inactivite,24,17,22,0,52
2212,2,1,Profs interm,0,0,0,18,0,55,68
2220,1,1,Ouvriers,1,0,23,20,0,61,68
2223,1,1,Employes,1,Retour foyer - inactivite,31,17,31,0,64
2227,1,1,Employes,1,Retour foyer - inactivite,24,16,24,0,69
2228,3,3,Profs interm,1,Retour foyer - inactivite,25,20,25,0,55
2233,1,1,Artisans agr,1,0,25,17,0,65,68
2234,1,1,Employes,1,0,29,18,0,0,63
2235,1,3,Employes,0,0,0,15,0,0,54
2237,1,2,Employes,1,Retour foyer - inactivite,26,21,24,0,56
2239,1,3,Profs interm,1,Retour foyer - inactivite,19,17,19,0,51
2240,1,3,Profs interm,1,0,20,18,0,0,50
2242,3,3,Cadres,0,0,0,21,0,0,51
2252,1,3,Employes,1,Autres,19,23,38,0,51
2253,1,1,Employes,1,0,26,15,0,60,68
2254,1,2,Employes,1,Retour foyer - inactivite,21,15,27,0,59
2255,1,1,Employes,1,Retour foyer - inactivite,24,18,22,0,65
2257,1,1,Ouvriers,1,Retour foyer - inactivite,26,16,24,0,68
2260,2,1,Profs interm,1,0,27,20,0,60,64
2262,1,3,Artisans agr,1,0,24,17,0,0,52
2264,2,1,Employes,1,Retour foyer - inactivite,19,16,21,0,61
2266,1,3,Cadres,1,0,26,16,0,0,54
2268,1,3,Employes,1,0,20,19,0,0,53
2269,1,2,Artisans agr,1,Retour foyer - inactivite,21,16,21,0,60
2273,1,1,Artisans agr,1,Retour foyer - inactivite,22,14,21,0,69
2277,1,3,Employes,1,0,23,18,0,0,50
2278,2,3,Cadres,0,0,0,23,0,0,54
2279,3,1,Cadres,1,Retour foyer - inactivite,21,27,31,0,70
2280,1,3,Employes,1,0,22,30,0,0,53
2281,2,1,Profs interm,1,Autres,25,20,55,0,68
2282,1,3,Profs interm,1,Retour foyer - inactivite,25,18,39,0,52
2283,1,2,Employes,1,Retour foyer - inactivite,22,15,22,0,57
2284,2,2,Profs interm,1,Retour foyer - inactivite,23,19,28,0,60
2288,1,3,Cadres,1,0,29,18,0,0,51
2289,1,3,Employes,1,Autres,17,22,37,0,52
2291,1,3,Profs interm,0,0,0,23,0,0,53
2292,1,2,Cadres,1,Retour foyer - inactivite,20,29,32,0,60
2293,1,3,Employes,1,Retour foyer - inactivite,35,18,32,0,52
2294,1,1,Employes,1,Retour foyer - inactivite,24,15,25,0,67
2295,1,3,Employes,1,Retour foyer - inactivite,24,18,30,0,50
2296,1,3,Employes,1,Autres,36,14,21,0,52
2297,1,3,Ouvriers,1,0,19,12,0,0,54
2298,3,3,Cadres,1,Autres,23,21,28,0,54
2302,1,2,Profs interm,1,Autres,25,18,57,0,57
2307,1,2,Employes,1,Retour foyer - inactivite,24,20,32,0,61
2309,3,3,Cadres,1,Retour foyer - inactivite,25,20,26,0,51
2310,1,3,Employes,1,0,19,19,0,0,54
2312,1,2,Employes,1,Retour foyer - inactivite,24,19,21,0,56
2317,3,3,Profs interm,1,Retour foyer - inactivite,22,18,21,0,50
2318,1,1,Employes,1,Autres,24,23,52,0,70
2319,2,3,Employes,1,0,20,36,0,0,55
2325,1,3,Profs interm,1,0,23,18,0,0,52
2326,3,2,Cadres,1,0,28,31,0,0,59
2327,1,1,Ouvriers,1,Retour foyer - inactivite,22,17,22,0,70
2331,1,3,Employes,1,Retour foyer - inactivite,22,18,32,0,53
2333,1,3,Profs interm,1,Retour foyer - inactivite,26,21,31,0,53
2334,3,2,Cadres,1,Autres,27,26,27,0,58
2335,1,1,Cadres,1,Retour foyer - inactivite,28,18,26,0,64
2336,2,3,Profs interm,0,0,0,20,0,51,53
2337,1,2,Profs interm,1,0,26,18,0,0,58
2342,1,1,Employes,1,Retour foyer - inactivite,31,17,31,0,65
2343,1,3,Employes,1,Autres,27,19,28,0,53
2344,2,1,Employes,1,Retour foyer - inactivite,31,22,32,0,66
2347,1,2,Profs interm,1,Retour foyer - inactivite,24,19,38,0,56
2348,3,3,Cadres,1,0,32,24,0,0,53
2349,1,3,Employes,1,Retour foyer - inactivite,20,15,20,0,54
2351,1,3,Employes,1,Autres,25,18,36,0,52
2352,1,3,Profs interm,1,Autres,21,14,52,0,51
2355,3,3,Cadres,1,0,37,24,0,0,50
2358,1,1,Employes,1,Retour foyer - inactivite,21,18,21,0,70
2360,1,2,Ouvriers,1,Retour foyer - inactivite,20,12,17,0,58
2361,2,3,Profs interm,1,Retour foyer - inactivite,27,18,29,0,52
2362,1,1,Employes,1,Retour foyer - inactivite,23,21,23,0,68
2363,3,3,Cadres,1,0,28,20,0,0,51
2366,1,3,Cadres,0,0,0,21,0,0,53
2368,1,1,Employes,1,0,20,35,0,65,69
2369,2,1,Profs interm,1,Retour foyer - inactivite,31,23,30,0,69
2372,1,1,Profs interm,1,0,26,18,0,60,64
2373,3,3,Profs interm,1,Retour foyer - inactivite,24,24,27,0,52
2379,1,1,Employes,1,Retour foyer - inactivite,22,19,21,0,64
2381,1,1,Employes,1,Autres,32,15,58,0,64
2382,1,3,Profs interm,1,Autres,25,17,31,0,55
2389,1,1,Profs interm,0,0,0,17,0,60,66
2390,1,1,Employes,1,Retour foyer - inactivite,20,17,22,0,71
2394,1,1,Employes,1,Retour foyer - inactivite,26,17,26,0,63
2396,1,3,Employes,1,Retour foyer - inactivite,24,18,24,0,53
2397,1,1,Employes,1,Retour foyer - inactivite,22,19,24,0,61
2398,2,3,Profs interm,1,Retour foyer - inactivite,28,22,32,0,54
2399,2,2,Cadres,1,Retour foyer - inactivite,28,23,31,0,55
2400,3,3,Profs interm,1,0,28,21,0,0,51
2405,1,3,Employes,1,Retour foyer - inactivite,19,14,19,0,51
2408,1,3,Employes,1,0,19,17,0,0,51
2409,2,3,Profs interm,1,0,29,24,0,0,52
2413,1,3,Cadres,1,Retour foyer - inactivite,20,17,53,0,53
2414,1,1,Employes,1,Retour foyer - inactivite,25,17,25,0,66
2416,1,3,Employes,0,Retour foyer - inactivite,0,17,39,0,51
2420,1,2,Profs interm,1,Autres,33,16,51,0,56
2421,1,1,Cadres,1,0,28,18,0,60,71
2422,1,1,Employes,1,0,28,17,0,60,66
2426,2,3,Profs interm,0,Autres,0,18,32,0,52
2428,1,1,Employes,1,Retour foyer - inactivite,28,21,31,0,69
2429,1,3,Employes,1,Retour foyer - inactivite,21,19,20,0,54
2435,1,1,Employes,0,0,0,20,0,61,70
2438,1,2,Profs interm,1,0,24,22,0,60,60
2440,2,2,Profs interm,1,Retour foyer - inactivite,28,20,28,0,55
2441,3,1,Profs interm,1,0,35,22,0,63,64
2442,2,2,Ouvriers,1,Retour foyer - inactivite,24,24,31,0,56
2444,1,2,Employes,1,Retour foyer - inactivite,24,16,25,0,55
2445,1,1,Employes,1,Retour foyer - inactivite,20,14,21,0,61
2446,1,2,Employes,1,0,30,18,0,0,58
2447,3,2,Cadres,0,0,0,21,0,0,57
2448,1,3,Employes,1,Autres,29,18,29,0,51
2449,1,1,Employes,1,0,30,17,0,60,63
2455,1,1,Employes,1,Autres,24,18,40,0,63
2456,1,2,Employes,1,0,22,19,0,55,57
2457,1,1,Employes,1,Autres,20,24,49,0,66
2461,1,2,Employes,1,Retour foyer - inactivite,23,17,23,0,57
2464,3,3,Cadres,1,0,23,31,0,0,53
2465,2,2,Profs interm,1,0,25,19,0,50,56
2468,1,1,Employes,1,Retour foyer - inactivite,31,14,30,0,69
2469,1,3,Employes,1,Retour foyer - inactivite,15,19,25,0,52
2470,3,3,Cadres,1,0,28,23,0,0,52
2471,2,3,Profs interm,1,0,25,22,0,0,50
2476,3,3,Cadres,1,Retour foyer - inactivite,32,21,36,0,54
2479,1,3,Employes,1,Autres,15,26,35,0,51
2480,1,1,Ouvriers,1,Retour foyer - inactivite,21,19,26,0,70
2482,3,3,Employes,0,Retour foyer - inactivite,0,20,38,0,54
2484,1,2,Employes,1,Retour foyer - inactivite,21,14,20,0,58
2488,1,1,Employes,1,Retour foyer - inactivite,28,19,28,0,68
2490,1,2,Profs interm,1,0,22,16,0,0,60
2491,2,3,Profs interm,1,0,30,21,0,0,50
2492,1,1,Ouvriers,1,Autres,26,21,28,0,70
2498,1,3,Ouvriers,1,Autres,22,19,29,0,54
2501,1,1,Employes,1,Retour foyer - inactivite,26,18,26,0,62
2502,1,3,Employes,1,Retour foyer - inactivite,27,23,27,0,54
2503,1,3,Employes,1,0,32,18,0,0,51
2504,1,3,Employes,1,0,23,17,0,50,55
2505,1,2,Employes,1,Retour foyer - inactivite,23,16,20,0,59
2508,1,3,Employes,1,Retour foyer - inactivite,16,15,17,0,52
2510,1,3,Employes,1,Retour foyer - inactivite,23,15,25,0,55
2512,1,3,Employes,1,Retour foyer - inactivite,17,17,26,0,53
2513,1,3,Profs interm,0,Retour foyer - inactivite,0,19,21,0,52
2514,1,3,Employes,1,Autres,25,18,23,0,54
2517,3,2,Cadres,1,Autres,25,21,29,0,57
2518,2,1,Cadres,0,Retour foyer - inactivite,0,20,32,0,62
2520,3,1,Employes,1,Retour foyer - inactivite,23,26,29,0,62
2523,1,3,Employes,1,Autres,20,17,51,0,53
2524,3,1,Profs interm,0,0,0,21,0,63,64
2526,1,1,Profs interm,1,Autres,22,14,19,0,64
2527,1,1,Profs interm,1,0,34,18,0,55,64
2528,1,1,Employes,1,Retour foyer - inactivite,25,21,30,0,65
2535,3,2,Profs interm,1,Retour foyer - inactivite,25,24,27,0,58
2538,2,3,Cadres,1,0,19,20,0,0,53
2542,1,3,Employes,1,Autres,18,21,27,0,53
2544,1,1,Employes,1,0,25,18,0,60,65
2545,1,3,Employes,0,0,0,20,0,0,50
2546,3,1,Cadres,1,0,27,26,0,55,63
2547,2,1,Employes,1,Retour foyer - inactivite,27,20,27,0,63
2548,3,3,Employes,1,Autres,35,21,25,0,51
2550,1,2,Profs interm,1,0,20,35,0,0,60
2557,1,3,Artisans agr,1,Retour foyer - inactivite,21,17,26,0,53
2558,2,3,Employes,1,0,25,18,0,0,50
2559,1,2,Employes,1,Retour foyer - inactivite,24,19,24,0,61
2560,1,2,Employes,1,0,24,32,0,0,59
2561,1,2,Employes,1,Retour foyer - inactivite,19,16,49,0,55
2562,1,1,Employes,1,Retour foyer - inactivite,28,12,28,0,64
2563,3,1,Cadres,1,Retour foyer - inactivite,27,23,27,0,67
2564,2,2,Employes,1,Retour foyer - inactivite,19,19,24,0,57
2565,2,2,Cadres,1,Retour foyer - inactivite,31,23,41,0,56
2568,3,2,Cadres,1,Retour foyer - inactivite,31,24,34,0,57
2569,1,2,Profs interm,1,Autres,24,17,59,0,60
2574,1,3,Employes,1,Retour foyer - inactivite,23,18,22,0,51
2575,2,3,Cadres,1,Retour foyer - inactivite,19,18,20,0,52
2577,1,2,Employes,1,Retour foyer - inactivite,19,16,18,0,56
2578,2,1,Profs interm,1,Retour foyer - inactivite,26,21,26,0,63
2579,1,2,Employes,1,0,24,19,0,58,59
2580,2,3,Cadres,0,Retour foyer - inactivite,0,20,42,0,50
2581,3,2,Cadres,1,0,36,25,0,0,55
2582,1,3,Artisans agr,1,Retour foyer - inactivite,22,16,21,0,53
2583,1,2,Employes,1,Retour foyer - inactivite,23,21,22,0,57
2584,1,3,Employes,1,0,31,17,0,0,52
2585,1,3,Employes,1,0,19,25,0,0,51
2586,1,3,Profs interm,1,Retour foyer - inactivite,24,20,25,0,51
2587,1,3,Employes,1,Retour foyer - inactivite,24,14,24,0,53
2588,3,2,Profs interm,1,Retour foyer - inactivite,25,22,24,0,60
2589,1,2,Employes,1,Retour foyer - inactivite,29,21,32,0,56
2591,3,3,Employes,1,0,26,23,0,0,52
2592,1,1,Employes,0,Retour foyer - inactivite,0,17,46,0,68
2593,1,1,Ouvriers,1,Retour foyer - inactivite,20,14,21,0,65
2595,1,2,Employes,1,0,23,53,0,0,59
2599,1,2,Employes,1,Retour foyer - inactivite,16,15,23,0,56
2604,3,3,Profs interm,1,0,19,14,0,52,52
2605,1,1,Employes,1,Retour foyer - inactivite,28,19,28,0,64
2606,2,3,Profs interm,1,0,20,21,0,0,52
2608,1,3,Employes,1,Autres,22,16,26,0,50
2609,1,1,Ouvriers,1,Retour foyer - inactivite,24,14,27,0,65
2610,1,3,Employes,1,Retour foyer - inactivite,20,17,44,0,53
2615,1,1,Employes,1,0,27,18,0,60,70
2616,1,1,Employes,1,0,30,18,0,60,64
2617,1,1,Employes,1,Retour foyer - inactivite,29,17,45,0,70
2621,1,2,Employes,1,Autres,23,16,39,0,60
2622,1,3,Employes,1,Retour foyer - inactivite,20,22,24,0,52
2623,1,3,Ouvriers,1,Autres,19,27,43,0,51
2625,1,3,Employes,1,0,27,23,0,0,54
2628,2,1,Profs interm,1,0,33,20,0,57,62
2629,1,3,Employes,1,0,34,16,0,0,53
2632,1,2,Employes,1,Autres,28,16,56,0,59
2635,1,3,Employes,1,0,27,18,0,0,50
2636,1,1,Ouvriers,1,Retour foyer - inactivite,24,17,24,0,63
2637,1,1,Employes,1,Retour foyer - inactivite,19,35,58,0,63
2640,1,1,Employes,1,Retour foyer - inactivite,19,15,18,0,70
2644,1,1,Profs interm,1,0,22,18,0,56,66
2645,1,1,Employes,1,Retour foyer - inactivite,20,14,19,0,64
2649,1,3,Profs interm,1,Autres,28,16,25,0,54
2650,1,1,Artisans agr,1,Retour foyer - inactivite,27,17,28,0,67
2652,1,1,Employes,1,Retour foyer - inactivite,22,18,22,0,63
2654,1,1,Ouvriers,1,Retour foyer - inactivite,19,14,18,0,69
2658,1,3,Employes,1,Autres,18,21,50,0,51
2663,1,3,Profs interm,1,Retour foyer - inactivite,21,16,21,0,53
2664,3,3,Employes,1,Autres,29,19,23,0,50
2665,2,3,Employes,1,Retour foyer - inactivite,22,19,37,0,50
2666,1,1,Employes,1,Retour foyer - inactivite,31,18,31,0,61
2667,1,1,Profs interm,1,0,29,16,0,0,70
2668,2,3,Profs interm,1,0,22,19,0,47,51
2669,1,2,Employes,0,0,0,17,0,0,57
2671,1,1,Ouvriers,1,Retour foyer - inactivite,28,14,21,0,66
2673,1,3,Employes,1,Retour foyer - inactivite,26,18,26,0,55
2675,1,1,Employes,1,0,23,16,0,58,62
2676,1,3,Employes,1,Retour foyer - inactivite,24,31,40,0,51
2679,1,3,Employes,1,Retour foyer - inactivite,20,16,20,0,52
2680,2,3,Profs interm,1,Retour foyer - inactivite,31,25,40,0,52
2681,1,3,Employes,1,Autres,22,16,47,0,53
2683,3,2,Cadres,1,Retour foyer - inactivite,28,23,27,0,58
2685,1,3,Profs interm,0,Retour foyer - inactivite,0,20,33,0,50
2687,1,3,Employes,0,Retour foyer - inactivite,0,19,45,0,53
2688,3,1,Profs interm,1,Autres,26,21,24,0,63
2689,1,3,Profs interm,1,Autres,28,19,21,0,54
2691,1,2,Cadres,1,Retour foyer - inactivite,27,18,24,0,57
2692,2,1,Profs interm,1,0,25,17,0,60,70
2695,2,1,Profs interm,1,Retour foyer - inactivite,27,19,25,0,69
2697,1,1,Employes,1,Autres,28,19,56,0,63
2698,1,2,Employes,1,Retour foyer - inactivite,27,15,33,0,56
2702,1,3,Employes,1,Retour foyer - inactivite,23,20,30,0,54
2706,1,3,Profs interm,1,Retour foyer - inactivite,22,20,24,0,51
2707,1,2,Employes,1,Autres,19,14,46,0,59
2708,3,2,Cadres,1,Autres,31,28,32,0,57
2710,1,3,Employes,1,Retour foyer - inactivite,22,18,28,0,51
2712,3,3,Cadres,1,0,34,23,0,0,52
2714,3,2,Profs interm,1,Retour foyer - inactivite,24,22,24,0,59
2715,1,2,Employes,1,Retour foyer - inactivite,33,16,35,0,56
2716,1,1,Profs interm,1,Retour foyer - inactivite,21,16,20,0,68
2717,1,2,Employes,1,Retour foyer - inactivite,22,17,56,0,56
2719,1,3,Ouvriers,1,0,37,18,0,0,53
2720,3,3,Cadres,1,Autres,26,24,27,0,55
2721,2,1,Artisans agr,1,0,28,14,0,60,67
2722,1,3,Employes,1,Autres,19,16,35,0,54
2724,1,1,Artisans agr,1,Retour foyer - inactivite,27,16,23,0,66
2726,1,3,Employes,1,Retour foyer - inactivite,25,18,27,0,51
2728,2,3,Employes,1,Retour foyer - inactivite,28,20,26,0,50
2731,3,2,Employes,1,Retour foyer - inactivite,24,21,24,0,58
2732,1,1,Employes,1,Autres,27,17,30,0,65
2733,3,1,Profs interm,1,0,24,51,0,65,68
2734,1,1,Artisans agr,1,Retour foyer - inactivite,24,18,22,0,66
2735,1,2,Employes,1,Retour foyer - inactivite,26,33,35,0,60
2736,1,1,Profs interm,1,Retour foyer - inactivite,35,19,59,0,62
2737,2,2,Employes,1,Autres,26,21,22,0,60
2738,1,2,Employes,1,Retour foyer - inactivite,25,17,27,0,60
2739,3,2,Cadres,1,0,39,25,0,0,57
2740,1,2,Employes,1,Autres,21,14,37,0,57
2742,3,2,Cadres,1,0,20,31,0,0,57
2743,1,3,Employes,1,0,24,19,0,0,55
2746,1,1,Cadres,1,Retour foyer - inactivite,29,19,33,0,70
2748,1,1,Ouvriers,1,Autres,24,17,25,0,63
2749,1,2,Profs interm,1,0,15,39,0,0,57
2750,1,3,Profs interm,1,Retour foyer - inactivite,25,18,27,0,50
2751,2,3,Profs interm,1,Retour foyer - inactivite,22,18,39,0,53
2752,1,3,Employes,1,0,30,17,0,0,50
2754,1,3,Profs interm,1,Retour foyer - inactivite,17,14,17,0,54
2755,1,2,Employes,1,0,28,23,0,0,56
2756,1,2,Employes,1,Retour foyer - inactivite,29,18,29,0,57
2757,1,3,Cadres,1,0,35,21,0,0,53
2759,3,3,Profs interm,1,Retour foyer - inactivite,24,22,23,0,52
2761,1,3,Employes,1,Retour foyer - inactivite,22,18,22,0,53
2763,1,3,Ouvriers,1,Retour foyer - inactivite,28,18,28,0,52
2766,1,2,Profs interm,1,Retour foyer - inactivite,26,19,55,0,56
2769,3,1,Cadres,1,0,23,24,0,58,71
2771,1,3,Employes,1,Retour foyer - inactivite,24,21,24,0,53
2772,1,1,Employes,1,Retour foyer - inactivite,21,17,26,0,70
2775,3,3,Profs interm,1,Autres,29,22,45,0,51
2777,1,1,Cadres,1,Retour foyer - inactivite,18,17,20,0,69
2780,3,1,Employes,1,Retour foyer - inactivite,26,27,29,0,69
2781,1,1,Profs interm,0,0,0,18,0,61,62
2786,1,2,Employes,1,Autres,19,12,50,0,55
2787,1,1,Employes,1,Retour foyer - inactivite,19,12,18,0,62
2792,3,2,Profs interm,1,0,23,22,0,0,55
2798,1,1,Employes,1,Retour foyer - inactivite,32,17,36,0,64
2801,3,2,Cadres,1,0,36,19,0,0,57
2803,3,3,Profs interm,1,0,22,19,0,51,52
2807,3,1,Profs interm,0,Retour foyer - inactivite,0,32,35,0,70
2809,1,1,Profs interm,0,0,0,19,0,60,70
2813,2,2,Employes,1,0,22,47,0,0,56
2815,1,1,Employes,0,Retour foyer - inactivite,0,21,55,0,65
2816,3,3,Profs interm,1,0,32,26,0,0,53
2820,1,3,Employes,1,0,23,16,0,0,53
2822,2,1,Profs interm,1,Autres,38,24,35,0,68
2823,1,1,Employes,1,0,20,25,0,60,70
2824,1,1,Cadres,1,0,29,17,0,60,66
2826,3,3,Profs interm,1,Retour foyer - inactivite,24,22,24,0,52
2828,1,1,Employes,1,Retour foyer - inactivite,17,15,17,0,67
2830,1,3,Cadres,1,0,26,19,0,0,54
2831,1,1,Employes,1,0,29,23,0,0,64
2833,1,2,Employes,1,Retour foyer - inactivite,21,28,36,0,56
2835,1,2,Employes,1,Retour foyer - inactivite,22,19,22,0,57
2836,3,2,Profs interm,1,Retour foyer - inactivite,28,16,27,0,57
2838,2,1,Profs interm,1,0,25,21,0,55,69
2839,1,2,Employes,1,Retour foyer - inactivite,32,16,22,0,56
2843,3,1,Cadres,1,0,34,42,0,63,71
2845,1,3,Profs interm,1,0,25,17,0,0,52
2846,1,3,Employes,1,Retour foyer - inactivite,26,21,30,0,53
2847,3,2,Cadres,1,Retour foyer - inactivite,21,24,35,0,55
2848,1,3,Cadres,1,0,22,17,0,0,53
2854,1,1,Employes,1,0,23,12,0,60,67
2855,1,3,Employes,1,Retour foyer - inactivite,20,17,24,0,52
2856,1,3,Employes,1,Retour foyer - inactivite,21,17,21,0,53
2857,1,3,Ouvriers,1,Autres,24,15,47,0,53
2858,2,3,Cadres,1,0,25,20,0,0,54
2861,1,1,Employes,1,Retour foyer - inactivite,22,14,21,0,66
2862,1,1,Cadres,1,0,30,18,0,60,65
2865,1,1,Employes,0,0,0,16,0,58,65
2883,1,1,Employes,1,Retour foyer - inactivite,24,17,30,0,68
2886,1,2,Employes,1,0,20,17,0,55,56
2887,1,1,Employes,1,Retour foyer - inactivite,17,19,39,0,69
2888,1,1,Artisans agr,1,Retour foyer - inactivite,40,16,57,0,66
2889,1,2,Employes,1,Retour foyer - inactivite,21,18,21,0,58
2897,1,1,Profs interm,1,Retour foyer - inactivite,26,20,24,0,68
2905,1,2,Employes,1,Retour foyer - inactivite,20,19,23,0,57
2912,1,2,Employes,0,Autres,0,18,36,0,57
2917,1,2,Employes,1,Retour foyer - inactivite,25,18,25,0,61
2918,1,3,Profs interm,1,0,22,19,0,52,53
2919,1,2,Cadres,1,0,26,18,0,60,61
2920,1,1,Employes,1,Retour foyer - inactivite,21,17,21,0,61
2921,1,2,Profs interm,1,Retour foyer - inactivite,20,15,21,0,60
2922,1,2,Artisans agr,1,Retour foyer - inactivite,23,15,36,0,60
2923,3,3,Employes,1,Retour foyer - inactivite,31,20,32,0,52
2930,2,3,Profs interm,1,Retour foyer - inactivite,29,22,29,0,51
2931,2,3,Cadres,1,0,28,21,0,0,50
2932,1,2,Cadres,1,Retour foyer - inactivite,22,16,23,0,57
2933,3,2,Profs interm,1,Retour foyer - inactivite,22,22,27,0,55
2936,1,2,Employes,1,Retour foyer - inactivite,28,17,29,0,55
2938,2,2,Profs interm,1,Autres,26,20,23,0,57
2939,3,2,Employes,1,Autres,25,19,24,0,56
2943,1,1,Artisans agr,1,0,21,17,0,60,62
2945,3,1,Cadres,0,0,0,26,0,59,63
2946,1,1,Artisans agr,1,Retour foyer - inactivite,28,16,28,0,68
2948,3,1,Cadres,1,Retour foyer - inactivite,27,23,31,0,67
2950,1,3,Profs interm,1,Retour foyer - inactivite,28,18,28,0,51
2951,1,2,Employes,1,Retour foyer - inactivite,18,16,19,0,56
